rel,domain,goals,oneliners,structured,has_sorry
List.thy,.,1297,1059,238,0
Transcendental.thy,.,916,671,245,0
Computational_Algebra/Formal_Laurent_Series.thy,Computational_Algebra,571,487,84,0
Library/Word.thy,Library,496,456,40,0
Analysis/Abstract_Topology.thy,Analysis,595,442,153,0
Library/Multiset.thy,Library,567,442,125,0
Bit_Operations.thy,.,522,438,84,0
Relation.thy,.,416,410,6,0
Set.thy,.,413,405,8,0
Library/Extended_Real.thy,Library,479,373,106,0
Library/FSet.thy,Library,370,357,13,0
Topological_Spaces.thy,.,439,335,104,0
Analysis/Path_Connected.thy,Analysis,438,328,110,0
Analysis/Complex_Transcendental.thy,Analysis,471,318,153,0
Nat.thy,.,363,295,67,0
Computational_Algebra/Polynomial.thy,Computational_Algebra,432,294,138,0
Nonstandard_Analysis/NSA.thy,Nonstandard_Analysis,324,286,38,0
Probability/SPMF.thy,Probability,367,283,84,0
Library/Extended_Nonnegative_Real.thy,Library,326,279,47,0
Analysis/Henstock_Kurzweil_Integration.thy,Analysis,357,241,115,0
GCD.thy,.,307,240,66,0
Library/Finite_Map.thy,Library,260,240,20,0
Complete_Lattices.thy,.,259,239,20,0
Complex.thy,.,265,238,27,0
Rings.thy,.,298,237,59,0
Analysis/Abstract_Metric_Spaces.thy,Analysis,364,235,129,0
HOL.thy,.,254,231,23,0
Int.thy,.,300,225,75,0
Nominal/Nominal.thy,Nominal,295,223,72,0
Library/RBT_Impl.thy,Library,275,216,59,0
Fun.thy,.,244,212,32,0
Analysis/Abstract_Topological_Spaces.thy,Analysis,390,210,180,0
Limits.thy,.,266,205,60,0
Set_Interval.thy,.,235,201,34,0
Analysis/Elementary_Metric_Spaces.thy,Analysis,280,200,80,0
ex/BinEx.thy,ex,220,196,23,1
Computational_Algebra/Formal_Power_Series.thy,Computational_Algebra,297,195,102,0
Filter.thy,.,259,195,64,0
Analysis/Measure_Space.thy,Analysis,313,192,121,0
Library/Float.thy,Library,242,189,53,0
Num.thy,.,199,187,12,0
Decision_Procs/MIR.thy,Decision_Procs,238,181,57,0
Library/Sublist.thy,Library,226,181,45,0
Real_Asymp/Multiseries_Expansion.thy,Real_Asymp,283,181,101,0
Analysis/Homotopy.thy,Analysis,310,176,134,0
Probability/Probability_Mass_Function.thy,Probability,254,174,80,0
Product_Type.thy,.,184,171,13,0
Analysis/Elementary_Topology.thy,Analysis,230,167,63,0
Transitive_Closure.thy,.,201,158,43,0
Decision_Procs/Parametric_Ferrante_Rackoff.thy,Decision_Procs,212,157,55,0
Groups.thy,.,201,156,45,0
Cardinals/Cardinal_Order_Relation.thy,Cardinals,172,153,19,0
Fields.thy,.,200,153,47,0
Analysis/Infinite_Sum.thy,Analysis,242,152,88,0
Finite_Set.thy,.,275,150,125,0
HOLCF/Cpo.thy,HOLCF,192,150,42,0
Library/Landau_Symbols.thy,Library,221,146,75,0
Algebra/Group.thy,Algebra,209,144,65,0
Nonstandard_Analysis/NSComplex.thy,Nonstandard_Analysis,145,144,1,0
ex/Classical.thy,ex,145,143,0,1
Power.thy,.,174,142,32,0
Euclidean_Rings.thy,.,229,141,88,0
Archimedean_Field.thy,.,164,138,23,0
Code_Numeral.thy,.,145,138,7,0
Analysis/Borel_Space.thy,Analysis,206,137,69,0
Analysis/Sigma_Algebra.thy,Analysis,224,137,87,0
Conditionally_Complete_Lattices.thy,.,156,137,18,0
Rat.thy,.,157,137,20,0
Library/Complete_Partial_Order2.thy,Library,165,131,34,0
Library/Mapping.thy,Library,145,131,14,0
Real_Vector_Spaces.thy,.,182,131,50,0
Analysis/Convex.thy,Analysis,173,128,45,0
Analysis/Bochner_Integration.thy,Analysis,201,126,75,0
Analysis/Polytope.thy,Analysis,208,126,82,0
Real.thy,.,164,126,38,0
Orderings.thy,.,152,121,31,0
Computational_Algebra/Factorial_Ring.thy,Computational_Algebra,219,120,99,0
Analysis/Abstract_Topology_2.thy,Analysis,182,119,63,0
Analysis/Topology_Euclidean_Space.thy,Analysis,199,119,80,0
Analysis/Finite_Cartesian_Product.thy,Analysis,135,116,19,0
Decision_Procs/Reflected_Multivariate_Polynomial.thy,Decision_Procs,144,116,28,0
Map.thy,.,148,116,32,0
Combinatorics/Permutations.thy,Combinatorics,191,115,76,0
Bali/DeclConcepts.thy,Bali,161,113,48,0
Quotient_Examples/Quotient_FSet.thy,Quotient_Examples,129,113,16,0
Real_Asymp/Real_Asymp_Examples.thy,Real_Asymp,118,113,5,0
Homology/Simplices.thy,Homology,172,112,60,0
Library/AList.thy,Library,124,108,16,0
Analysis/Gamma_Function.thy,Analysis,187,106,81,0
Nonstandard_Analysis/StarDef.thy,Nonstandard_Analysis,109,105,4,0
Algebra/Divisibility.thy,Algebra,193,104,89,0
Complex_Analysis/Contour_Integration.thy,Complex_Analysis,139,103,36,0
Analysis/Equivalence_Lebesgue_Henstock_Integration.thy,Analysis,227,102,125,0
BNF_Cardinal_Order_Relation.thy,.,176,102,73,0
Parity.thy,.,138,101,37,0
Lattices.thy,.,103,100,3,0
Series.thy,.,142,100,42,0
Analysis/Linear_Algebra.thy,Analysis,146,99,47,0
Auth/Message.thy,Auth,124,99,25,0
Library/FuncSet.thy,Library,120,99,21,0
NthRoot.thy,.,124,99,24,0
Analysis/Line_Segment.thy,Analysis,129,98,31,0
Decision_Procs/Cooper.thy,Decision_Procs,119,98,21,0
Cardinals/Ordinal_Arithmetic.thy,Cardinals,139,97,42,0
Groups_Big.thy,.,170,96,74,0
Library/Linear_Temporal_Logic_on_Streams.thy,Library,126,95,31,0
Matrix_LP/Matrix.thy,Matrix_LP,131,95,35,1
Nitpick_Examples/Core_Nits.thy,Nitpick_Examples,209,95,3,1
Analysis/Retracts.thy,Analysis,136,94,42,0
BNF_Cardinal_Arithmetic.thy,.,118,94,24,0
Equiv_Relations.thy,.,108,93,15,0
Analysis/Lebesgue_Measure.thy,Analysis,127,92,35,0
Deriv.thy,.,150,92,58,0
Hilbert_Choice.thy,.,123,92,31,0
Auth/Guard/Extensions.thy,Auth,104,91,13,0
ex/Meson_Test.thy,ex,103,91,5,1
Algebra/Coset.thy,Algebra,154,90,64,0
Library/Stream.thy,Library,107,90,17,0
Nominal/Examples/Class1.thy,Nominal,215,90,125,0
Transfer.thy,.,100,90,10,0
Algebra/AbelCoset.thy,Algebra,95,88,7,0
Complex_Analysis/Laurent_Convergence.thy,Complex_Analysis,170,88,82,0
Decision_Procs/Ferrack.thy,Decision_Procs,120,88,32,0
Library/Extended_Nat.thy,Library,91,88,3,0
Matrix_LP/SparseMatrix.thy,Matrix_LP,111,88,23,0
UNITY/Extend.thy,UNITY,120,88,32,0
Analysis/Urysohn.thy,Analysis,208,87,121,0
Cardinals/Wellorder_Constructions.thy,Cardinals,94,87,7,0
Quotient.thy,.,99,87,11,0
Wellfounded.thy,.,130,86,44,0
Algebra/Polynomials.thy,Algebra,169,85,84,0
Nonstandard_Analysis/HyperNat.thy,Nonstandard_Analysis,89,84,5,0
Nonstandard_Analysis/NSCA.thy,Nonstandard_Analysis,87,84,3,0
TPTP/TPTP_Proof_Reconstruction_Test_Units.thy,TPTP,111,84,25,1
Probability/Giry_Monad.thy,Probability,135,81,54,0
BNF_Wellorder_Constructions.thy,.,106,80,26,0
Library/Countable_Set.thy,Library,91,80,11,0
Number_Theory/Cong.thy,Number_Theory,103,80,23,0
Decision_Procs/Approximation_Bounds.thy,Decision_Procs,119,79,40,0
TLA/Memory/MemoryImplementation.thy,TLA,137,79,58,0
Library/Interval.thy,Library,83,78,5,0
Lifting.thy,.,87,78,9,0
Modules.thy,.,114,78,36,0
SMT_Examples/SMT_Examples.thy,SMT_Examples,78,78,0,0
Decision_Procs/Dense_Linear_Order.thy,Decision_Procs,81,76,5,0
Nonstandard_Analysis/HyperDef.thy,Nonstandard_Analysis,79,76,3,0
Predicate.thy,.,88,76,12,0
Analysis/Infinite_Products.thy,Analysis,144,75,69,0
Analysis/Nonnegative_Lebesgue_Integration.thy,Analysis,161,75,86,0
SET_Protocol/Message_SET.thy,SET_Protocol,123,75,48,0
SMT_Examples/SMT_Tests.thy,SMT_Examples,78,75,1,1
Algebra/Order.thy,Algebra,84,74,10,0
Lattices_Big.thy,.,118,74,44,0
Algebra/UnivPoly.thy,Algebra,128,73,55,0
Library/Poly_Mapping.thy,Library,98,73,24,0
SMT_Examples/SMT_Examples_Verit.thy,SMT_Examples,76,73,3,1
Analysis/Affine.thy,Analysis,104,72,32,0
Analysis/Elementary_Normed_Spaces.thy,Analysis,105,72,33,0
Analysis/Tagged_Division.thy,Analysis,109,72,37,0
Analysis/Convex_Euclidean_Space.thy,Analysis,132,71,61,0
Analysis/Derivative.thy,Analysis,112,71,40,0
Boolean_Algebras.thy,.,84,71,13,0
Computational_Algebra/Primes.thy,Computational_Algebra,102,70,32,0
UNITY/UNITY.thy,UNITY,81,70,11,0
Option.thy,.,72,69,3,0
UNITY/Union.thy,UNITY,84,69,15,0
ex/Tarski.thy,ex,96,69,27,0
BNF_Fixpoint_Base.thy,.,71,68,3,0
Complex_Analysis/Complex_Singularities.thy,Complex_Analysis,139,68,71,0
Analysis/Infinite_Set_Sum.thy,Analysis,96,67,28,0
Import/HOL_Light_Maps.thy,Import,69,66,3,0
Library/Equipollence.thy,Library,99,66,33,0
Real_Asymp/Multiseries_Expansion_Bounds.thy,Real_Asymp,81,66,15,0
Datatype_Examples/Derivation_Trees/Gram_Lang.thy,Datatype_Examples,133,65,68,0
MicroJava/Comp/CorrCompTp.thy,MicroJava,132,65,67,0
Complex_Analysis/Meromorphic.thy,Complex_Analysis,122,64,58,0
Imperative_HOL/Array.thy,Imperative_HOL,66,64,2,0
SMT_Examples/SMT_Tests_Verit.thy,SMT_Examples,65,64,1,0
ex/Normalization_by_Evaluation.thy,ex,63,63,0,0
BNF_Def.thy,.,64,62,2,0
Library/Infinite_Set.thy,Library,80,61,19,0
Library/Nonpos_Ints.thy,Library,76,61,15,0
Library/Old_Datatype.thy,Library,77,61,16,0
Library/Tree.thy,Library,70,61,9,0
Nominal/Examples/Fsub.thy,Nominal,97,61,36,0
Binomial.thy,.,118,60,58,0
ex/Intuitionistic.thy,ex,62,60,0,1
BNF_Greatest_Fixpoint.thy,.,66,59,7,0
HOLCF/Library/Stream.thy,HOLCF,129,59,70,0
Metis_Examples/Message.thy,Metis_Examples,102,59,43,0
Analysis/Connected.thy,Analysis,76,58,18,0
Analysis/FPS_Convergence.thy,Analysis,104,58,46,0
Auth/Guard/Analz.thy,Auth,60,58,2,0
Library/RBT_Set.thy,Library,93,58,35,0
Probability/Probability_Measure.thy,Probability,104,58,46,0
Factorial.thy,.,67,57,10,0
Imperative_HOL/Heap_Monad.thy,Imperative_HOL,64,57,7,0
Vector_Spaces.thy,.,109,57,52,0
Analysis/Finite_Product_Measure.thy,Analysis,88,56,32,0
HOLCF/Cfun.thy,HOLCF,66,55,11,0
Library/Countable_Complete_Lattices.thy,Library,57,55,2,0
Library/Set_Idioms.thy,Library,76,55,21,0
Nonstandard_Analysis/HSEQ.thy,Nonstandard_Analysis,64,55,9,0
HOLCF/IOA/Sequence.thy,HOLCF,117,54,62,0
Homology/Homology_Groups.thy,Homology,102,54,48,0
Library/Multiset_Order.thy,Library,69,54,15,0
Library/Nat_Bijection.thy,Library,66,54,12,0
Analysis/Further_Topology.thy,Analysis,163,53,110,0
Analysis/Starlike.thy,Analysis,120,53,66,0
Analysis/Interval_Integral.thy,Analysis,70,52,18,0
Auth/Guard/P1.thy,Auth,70,52,17,1
ex/Arith_Examples.thy,ex,54,52,0,1
ex/BigO.thy,ex,76,52,24,0
HOLCF/Domain.thy,HOLCF,78,51,27,0
Library/Lub_Glb.thy,Library,54,51,3,0
Analysis/Set_Integral.thy,Analysis,102,50,52,0
HOLCF/ConvexPD.thy,HOLCF,68,50,18,0
Matrix_LP/ComputeFloat.thy,Matrix_LP,56,50,6,0
String.thy,.,62,50,12,0
Auth/Guard/P2.thy,Auth,65,49,16,0
Bali/State.thy,Bali,111,49,62,0
Cardinals/Order_Relation_More.thy,Cardinals,59,49,10,0
Data_Structures/Tree234_Set.thy,Data_Structures,50,49,1,0
Probability/Distributions.thy,Probability,91,49,42,0
Bali/Table.thy,Bali,62,48,14,0
Data_Structures/RBT_Set.thy,Data_Structures,50,48,2,0
Library/Set_Algebras.thy,Library,51,48,3,0
Algebra/Embedded_Algebras.thy,Algebra,103,47,56,0
Analysis/Brouwer_Fixpoint.thy,Analysis,99,47,52,0
Analysis/Complex_Analysis_Basics.thy,Analysis,70,47,23,0
Analysis/Inner_Product.thy,Analysis,52,47,5,0
Auth/KerberosIV.thy,Auth,116,47,69,0
Data_Structures/Array_Braun.thy,Data_Structures,64,47,17,0
Decision_Procs/ex/Dense_Linear_Order_Ex.thy,Decision_Procs,47,47,0,0
Imperative_HOL/Ref.thy,Imperative_HOL,47,47,0,0
Algebra/Generated_Groups.thy,Algebra,71,46,25,0
Data_Structures/Selection.thy,Data_Structures,70,46,24,0
Examples/Gauss_Numbers.thy,Examples,47,46,1,0
HOLCF/Fixrec.thy,HOLCF,55,46,9,0
HOLCF/Universal.thy,HOLCF,92,46,46,0
Probability/Fin_Map.thy,Probability,83,46,37,0
Algebra/Complete_Lattice.thy,Algebra,74,45,29,0
Analysis/Abstract_Limits.thy,Analysis,54,45,9,0
Analysis/Locally.thy,Analysis,73,45,28,0
Analysis/T1_Spaces.thy,Analysis,68,45,23,0
Combinatorics/Multiset_Permutations.thy,Combinatorics,58,45,13,0
Library/Interval_Float.thy,Library,49,45,4,0
Metis_Examples/Tarski.thy,Metis_Examples,100,45,55,0
Nominal/Examples/Standardization.thy,Nominal,66,45,21,0
Algebra/Ring.thy,Algebra,71,44,27,0
Auth/Public.thy,Auth,53,44,9,0
Combinatorics/Transposition.thy,Combinatorics,45,44,1,0
Library/More_List.thy,Library,54,44,10,0
Library/Real_Mod.thy,Library,54,44,10,0
Bali/Conform.thy,Bali,79,43,36,0
Computational_Algebra/Polynomial_FPS.thy,Computational_Algebra,49,43,6,0
Bali/DefiniteAssignment.thy,Bali,49,42,7,0
Bali/Example.thy,Bali,117,42,75,0
Library/Disjoint_Sets.thy,Library,70,42,28,0
Lifting_Set.thy,.,51,42,9,0
Matrix_LP/ComputeHOL.thy,Matrix_LP,47,42,5,0
Quotient_Examples/DList.thy,Quotient_Examples,47,42,5,0
SET_Protocol/Public_SET.thy,SET_Protocol,48,42,6,0
Algebra/Congruence.thy,Algebra,53,41,12,0
Analysis/Binary_Product_Measure.thy,Analysis,80,41,39,0
Analysis/Measurable.thy,Analysis,59,41,18,0
Decision_Procs/Polynomial_List.thy,Decision_Procs,62,41,20,0
Nominal/Examples/Pattern.thy,Nominal,54,41,13,0
UNITY/Lift_prog.thy,UNITY,66,41,25,0
Auth/KerberosV.thy,Auth,102,40,62,0
Bali/Decl.thy,Bali,66,40,26,0
Combinatorics/Perm.thy,Combinatorics,66,40,26,0
Enum.thy,.,47,40,7,0
Library/Code_Target_Nat.thy,Library,40,40,0,0
Library/Numeral_Type.thy,Library,42,40,2,0
Nonstandard_Analysis/Star.thy,Nonstandard_Analysis,48,40,7,0
Zorn.thy,.,64,40,24,0
Algebra/Sylow.thy,Algebra,47,39,8,0
Complex_Analysis/Cauchy_Integral_Formula.thy,Complex_Analysis,104,39,65,0
HOLCF/UpperPD.thy,HOLCF,57,39,18,0
IMP/Abs_Int0.thy,IMP,47,39,8,0
Library/RBT.thy,Library,39,39,0,0
SMT.thy,.,43,39,4,0
ZF/HOLZF.thy,ZF,85,39,46,0
ex/LocaleTest2.thy,ex,70,39,31,0
Algebra/Elementary_Groups.thy,Algebra,63,38,25,0
Algebra/Multiplicative_Group.thy,Algebra,65,38,27,0
Algebra/Polynomial_Divisibility.thy,Algebra,109,38,71,0
Data_Structures/Binomial_Heap.thy,Data_Structures,49,38,11,0
Datatype_Examples/Regex_ACIDZ.thy,Datatype_Examples,46,38,8,0
HOLCF/IOA/Automata.thy,HOLCF,46,38,8,0
Library/Comparator.thy,Library,41,38,3,0
Library/Countable_Set_Type.thy,Library,41,38,3,0
Nominal/Examples/W.thy,Nominal,46,38,8,0
Analysis/Complete_Measure.thy,Analysis,67,37,30,0
Auth/Guard/Guard.thy,Auth,49,37,12,0
HOLCF/LowerPD.thy,HOLCF,57,37,20,0
HOLCF/Sprod.thy,HOLCF,38,37,1,0
IMP/Compiler2.thy,IMP,47,37,10,0
Library/Code_Target_Int.thy,Library,38,37,1,0
Number_Theory/Gauss.thy,Number_Theory,50,37,13,0
Order_Relation.thy,.,56,37,19,0
Analysis/Bounded_Linear_Function.thy,Analysis,53,36,17,0
Auth/KerberosIV_Gets.thy,Auth,93,36,57,0
Computational_Algebra/Polynomial_Factorial.thy,Computational_Algebra,53,36,17,0
Data_Structures/Tree23_Set.thy,Data_Structures,37,36,1,0
HOLCF/Ssum.thy,HOLCF,36,36,0,0
Homology/Brouwer_Degree.thy,Homology,87,36,51,0
Induct/QuoDataType.thy,Induct,48,36,12,0
Library/Dual_Ordered_Lattice.thy,Library,39,36,3,0
Probability/Stream_Space.thy,Probability,55,36,19,0
UNITY/Guar.thy,UNITY,61,36,25,1
ex/SOS.thy,ex,37,36,0,1
ex/SOS_Cert.thy,ex,37,36,0,1
Analysis/Euclidean_Space.thy,Analysis,41,35,6,0
Auth/Guard/GuardK.thy,Auth,46,35,11,0
Cardinals/Cardinal_Arithmetic.thy,Cardinals,47,35,12,0
Computational_Algebra/Normalized_Fraction.thy,Computational_Algebra,50,35,15,0
Library/Liminf_Limsup.thy,Library,60,35,25,0
Library/Ramsey.thy,Library,66,35,31,0
UNITY/ListOrder.thy,UNITY,62,35,27,0
ex/Unification.thy,ex,54,35,19,0
Algebra/Finite_Extensions.thy,Algebra,58,34,24,0
Algebra/Lattice.thy,Algebra,60,34,26,0
Analysis/Isolated.thy,Analysis,41,34,7,0
Analysis/Ordered_Euclidean_Space.thy,Analysis,36,34,2,0
Data_Structures/Sorting.thy,Data_Structures,44,34,10,0
Decision_Procs/Commutative_Ring.thy,Decision_Procs,40,34,6,0
Library/Omega_Words_Fun.thy,Library,73,34,39,0
Nonstandard_Analysis/HSeries.thy,Nonstandard_Analysis,35,34,1,0
Nonstandard_Analysis/NatStar.thy,Nonstandard_Analysis,41,34,7,0
Record.thy,.,41,34,7,0
UNITY/ProgressSets.thy,UNITY,56,34,22,0
Analysis/Product_Vector.thy,Analysis,45,33,12,0
Analysis/Uniform_Limit.thy,Analysis,68,33,35,0
BNF_Wellorder_Relation.thy,.,39,33,6,0
Computational_Algebra/Squarefree.thy,Computational_Algebra,49,33,16,0
Library/State_Monad.thy,Library,39,33,6,0
MicroJava/BV/JVMType.thy,MicroJava,45,33,12,0
Nominal/Examples/CK_Machine.thy,Nominal,39,33,6,0
Analysis/Product_Topology.thy,Analysis,57,32,25,0
BNF_Wellorder_Embedding.thy,.,48,32,15,0
Combinatorics/Orbits.thy,Combinatorics,60,32,28,0
IMP/Abs_Int2_ivl.thy,IMP,37,32,5,0
Library/BNF_Corec.thy,Library,36,32,4,0
Metis_Examples/Big_O.thy,Metis_Examples,78,32,46,0
Quotient_Examples/Quotient_Message.thy,Quotient_Examples,36,32,4,0
UNITY/Constrains.thy,UNITY,61,32,29,0
Algebra/Galois_Connection.thy,Algebra,42,31,11,0
BNF_Composition.thy,.,36,31,5,0
Computational_Algebra/Fraction_Field.thy,Computational_Algebra,35,31,4,0
Decision_Procs/Algebra_Aux.thy,Decision_Procs,41,31,10,0
Nominal/Examples/Crary.thy,Nominal,49,31,18,0
Nonstandard_Analysis/HLog.thy,Nonstandard_Analysis,32,31,1,0
UNITY/Transformers.thy,UNITY,60,31,29,0
Algebra/Chinese_Remainder.thy,Algebra,43,30,13,0
Analysis/Weierstrass_Theorems.thy,Analysis,66,30,36,0
Computational_Algebra/Nth_Powers.thy,Computational_Algebra,39,30,9,0
Inductive.thy,.,45,30,15,0
Library/Indicator_Function.thy,Library,35,30,5,0
Nonstandard_Analysis/HDeriv.thy,Nonstandard_Analysis,40,30,10,0
Number_Theory/Prime_Powers.thy,Number_Theory,53,30,23,0
Number_Theory/Totient.thy,Number_Theory,52,30,22,0
TPTP/TPTP_Proof_Reconstruction.thy,TPTP,33,30,3,0
Algebra/Weak_Morphisms.thy,Algebra,43,29,14,0
Analysis/Cartesian_Euclidean_Space.thy,Analysis,40,29,10,0
Auth/Smartcard/EventSC.thy,Auth,52,29,23,0
Cardinals/Wellorder_Relation.thy,Cardinals,34,29,5,0
Combinatorics/List_Permutation.thy,Combinatorics,30,29,1,0
Library/Product_Order.thy,Library,31,29,2,0
Algebra/FiniteProduct.thy,Algebra,51,28,23,0
Algebra/QuotRing.thy,Algebra,63,28,35,0
Algebra/Ring_Divisibility.thy,Algebra,48,28,20,0
Analysis/Cross3.thy,Analysis,37,28,9,0
Analysis/Lipschitz.thy,Analysis,51,28,23,0
Bali/WellForm.thy,Bali,116,28,88,0
Data_Structures/AA_Set.thy,Data_Structures,38,28,10,0
Decision_Procs/ex/Commutative_Ring_Ex.thy,Decision_Procs,28,28,0,0
HOLCF/Library/Sum_Cpo.thy,HOLCF,40,28,12,0
Induct/QuoNestedDataType.thy,Induct,43,28,15,0
Library/Log_Nat.thy,Library,46,28,18,0
Library/Signed_Division.thy,Library,30,28,2,0
Nonstandard_Analysis/CLim.thy,Nonstandard_Analysis,30,28,2,0
Nonstandard_Analysis/HLim.thy,Nonstandard_Analysis,36,28,8,0
SMT_Examples/SMT_Word_Examples.thy,SMT_Examples,28,28,0,0
Auth/Event.thy,Auth,27,27,0,0
Auth/Guard/Guard_Shared.thy,Auth,32,27,5,0
Library/Dlist.thy,Library,30,27,3,0
Library/Lattice_Algebras.thy,Library,47,27,20,0
MicroJava/DFA/Semilat.thy,MicroJava,38,27,11,0
Nominal/Examples/SOS.thy,Nominal,37,27,10,0
SET_Protocol/Purchase.thy,SET_Protocol,59,27,32,0
UNITY/Comp.thy,UNITY,40,27,13,0
UNITY/ELT.thy,UNITY,68,27,41,0
UNITY/WFair.thy,UNITY,67,27,40,0
Analysis/Extended_Real_Limits.thy,Analysis,84,26,57,0
Analysis/Sparse_In.thy,Analysis,34,26,8,0
Analysis/ex/Metric_Arith_Examples.thy,Analysis,26,26,0,0
Auth/Yahalom.thy,Auth,41,26,15,0
Bali/Basis.thy,Bali,32,26,6,0
Basic_BNF_LFPs.thy,.,26,26,0,0
HOLCF/FOCUS/Fstreams.thy,HOLCF,46,26,20,0
Library/Bourbaki_Witt_Fixpoint.thy,Library,39,26,13,0
Library/Sorting_Algorithms.thy,Library,45,26,19,0
Number_Theory/Residues.thy,Number_Theory,43,26,17,0
ex/Transfer_Int_Nat.thy,ex,37,26,11,0
BNF_Least_Fixpoint.thy,.,29,25,4,0
Complex_Analysis/Winding_Numbers.thy,Complex_Analysis,82,25,57,0
Computational_Algebra/Fundamental_Theorem_Algebra.thy,Computational_Algebra,48,25,23,0
Examples/Rewrite_Examples.thy,Examples,32,25,7,0
HOLCF/ex/Concurrency_Monad.thy,HOLCF,38,25,13,0
IMP/Abs_Int3.thy,IMP,44,25,17,1
Induct/SList.thy,Induct,42,25,17,0
Library/Finite_Lattice.thy,Library,27,25,2,0
Nonstandard_Analysis/Examples/NSPrimes.thy,Nonstandard_Analysis,31,25,6,0
Nonstandard_Analysis/HTranscendental.thy,Nonstandard_Analysis,38,25,13,0
Presburger.thy,.,34,25,9,0
Probability/Projective_Family.thy,Probability,44,25,19,0
SET_Protocol/Cardholder_Registration.thy,SET_Protocol,62,25,37,0
Types_To_Sets/Examples/Group_On_With.thy,Types_To_Sets,35,25,10,0
ex/PresburgerEx.thy,ex,27,25,2,1
ex/Refute_Examples.thy,ex,177,25,5,1
Algebra/Group_Action.thy,Algebra,53,24,29,0
Algebra/Sym_Groups.thy,Algebra,42,24,18,0
Analysis/FSigma.thy,Analysis,31,24,7,0
Analysis/Function_Topology.thy,Analysis,52,24,28,0
Auth/Guard/Guard_Public.thy,Auth,28,24,4,0
Bali/DefiniteAssignmentCorrect.thy,Bali,53,24,29,0
Bali/Term.thy,Bali,25,24,1,0
Bali/WellType.thy,Bali,36,24,12,0
Data_Structures/Balance.thy,Data_Structures,28,24,4,0
Data_Structures/Brother12_Set.thy,Data_Structures,34,24,10,0
Groups_List.thy,.,28,24,3,0
HOLCF/Deflation.thy,HOLCF,42,24,18,0
Imperative_HOL/ex/Linked_Lists.thy,Imperative_HOL,55,24,31,0
Lazy_Sequence.thy,.,24,24,0,0
Library/Lattice_Constructions.thy,Library,24,24,0,0
Metis_Examples/Clausification.thy,Metis_Examples,24,24,0,0
Metis_Examples/Proxies.thy,Metis_Examples,24,24,0,0
MicroJava/DFA/Err.thy,MicroJava,40,24,16,0
TLA/TLA.thy,TLA,101,24,77,0
Types_To_Sets/Examples/Linear_Algebra_On_With.thy,Types_To_Sets,26,24,2,0
UNITY/SubstAx.thy,UNITY,52,24,28,0
Auth/Guard/Proto.thy,Auth,40,23,17,0
Bali/Eval.thy,Bali,67,23,44,0
Data_Structures/Tries_Binary.thy,Data_Structures,34,23,11,0
Fun_Def.thy,.,31,23,8,0
HOLCF/Library/Option_Cpo.thy,HOLCF,29,23,6,0
HOLCF/Map_Functions.thy,HOLCF,45,23,22,0
HOLCF/ex/Domain_Proofs.thy,HOLCF,34,23,11,0
Induct/PropLog.thy,Induct,29,23,6,0
Library/Centered_Division.thy,Library,28,23,5,0
Library/Option_ord.thy,Library,24,23,1,0
MicroJava/BV/Effect.thy,MicroJava,30,23,7,0
Probability/PMF_Impl.thy,Probability,29,23,5,0
ex/Gauge_Integration.thy,ex,42,23,19,0
Algebra/Algebraic_Closure_Type.thy,Algebra,32,22,10,0
Analysis/Embed_Measure.thy,Analysis,34,22,12,0
Analysis/ex/Approximations.thy,Analysis,41,22,19,0
Bali/TypeRel.thy,Bali,78,22,56,0
Isar_Examples/Hoare.thy,Isar_Examples,29,22,7,0
Number_Theory/Quadratic_Reciprocity.thy,Number_Theory,38,22,16,0
ex/Set_Comprehension_Pointfree_Examples.thy,ex,23,22,1,1
Analysis/Norm_Arith.thy,Analysis,22,21,1,0
Bali/TypeSafe.thy,Bali,97,21,76,1
Data_Structures/AList_Upd_Del.thy,Data_Structures,23,21,2,0
Eisbach/Example_Metric.thy,Eisbach,21,21,0,0
HOLCF/Tr.thy,HOLCF,23,21,2,0
Hoare_Parallel/RG_Tran.thy,Hoare_Parallel,37,21,16,0
Library/Complemented_Lattices.thy,Library,28,21,7,0
Library/Discrete_Functions.thy,Library,38,21,17,0
Library/Uprod.thy,Library,24,21,3,0
Metis_Examples/Abstraction.thy,Metis_Examples,29,21,8,0
MicroJava/BV/Correct.thy,MicroJava,36,21,15,0
Nominal/Examples/CR_Takahashi.thy,Nominal,28,21,7,0
ex/List_to_Set_Comprehension_Examples.thy,ex,21,21,0,0
Algebra/Algebraic_Closure.thy,Algebra,42,20,22,0
Algebra/Ideal.thy,Algebra,56,20,36,0
Analysis/Determinants.thy,Analysis,53,20,33,0
Analysis/Summation_Tests.thy,Analysis,58,20,38,0
Complete_Partial_Order.thy,.,26,20,6,0
Decision_Procs/Rat_Pair.thy,Decision_Procs,42,20,22,0
HOLCF/FOCUS/Buffer.thy,HOLCF,36,20,16,0
HOLCF/Representable.thy,HOLCF,22,20,2,0
HOLCF/Up.thy,HOLCF,25,20,5,0
HOLCF/ex/Pattern_Match.thy,HOLCF,25,20,5,0
Hahn_Banach/Vector_Space.thy,Hahn_Banach,38,20,18,0
Induct/Com.thy,Induct,25,20,5,0
Library/Cardinality.thy,Library,24,20,4,0
Library/While_Combinator.thy,Library,36,20,16,0
MicroJava/Comp/CorrComp.thy,MicroJava,57,20,37,0
MicroJava/DFA/LBVSpec.thy,MicroJava,32,20,12,0
Nitpick_Examples/Typedef_Nits.thy,Nitpick_Examples,36,20,2,1
Nominal/Examples/SN.thy,Nominal,30,20,10,0
Number_Theory/Eratosthenes.thy,Number_Theory,26,20,6,0
Number_Theory/Pocklington.thy,Number_Theory,51,20,31,0
Statespace/StateSpaceEx.thy,Statespace,22,20,1,1
ex/Set_Theory.thy,ex,22,20,2,0
Algebra/Subrings.thy,Algebra,35,19,16,0
Analysis/Equivalence_Measurable_On_Borel.thy,Analysis,59,19,40,0
Cardinals/Bounded_Set.thy,Cardinals,22,19,3,0
Data_Structures/List_Ins_Del.thy,Data_Structures,20,19,1,0
Decision_Procs/Approximation.thy,Decision_Procs,33,19,14,0
Decision_Procs/Reflective_Field.thy,Decision_Procs,26,19,7,0
Eisbach/Tests.thy,Eisbach,27,19,8,0
IMP/Abs_Int1.thy,IMP,27,19,8,0
IMP/Sem_Equiv.thy,IMP,21,19,2,0
Library/IArray.thy,Library,20,19,1,0
Library/NList.thy,Library,21,19,2,0
Library/Quotient_List.thy,Library,26,19,7,0
Library/RBT_Mapping.thy,Library,22,19,3,0
Meson.thy,.,26,19,7,0
MicroJava/Comp/TypeInf.thy,MicroJava,20,19,1,0
Number_Theory/Fib.thy,Number_Theory,28,19,9,0
Probability/Infinite_Product_Measure.thy,Probability,36,19,17,0
ZF/Games.thy,ZF,62,19,43,0
ex/Word_Msb.thy,ex,20,19,1,0
Analysis/Bounded_Continuous_Function.thy,Analysis,22,18,4,0
Data_Structures/Leftist_Heap.thy,Data_Structures,21,18,3,0
HOLCF/Library/List_Cpo.thy,HOLCF,27,18,9,0
Hull.thy,.,20,18,2,0
Library/DAList_Multiset.thy,Library,28,18,10,0
Library/Going_To_Filter.thy,Library,18,18,0,0
Library/Saturated.thy,Library,20,18,2,0
Numeral_Simprocs.thy,.,18,18,0,0
Probability/Distribution_Functions.thy,Probability,30,18,12,0
Proofs/Lambda/Lambda.thy,Proofs,22,18,4,0
SPARK/Examples/Liseq/Longest_Increasing_Subsequence.thy,SPARK,37,18,19,0
UNITY/Project.thy,UNITY,75,18,57,0
ATP.thy,.,17,17,0,0
Algebra/Indexed_Polynomials.thy,Algebra,32,17,15,0
Analysis/Arcwise_Connected.thy,Analysis,46,17,29,0
Auth/Shared.thy,Auth,24,17,7,0
Datatype_Examples/Free_Idempotent_Monoid.thy,Datatype_Examples,24,17,7,0
HOLCF/IOA/Seq.thy,HOLCF,26,17,9,0
Library/Code_Abstract_Char.thy,Library,21,17,4,0
Library/Periodic_Fun.thy,Library,20,17,3,0
MicroJava/Comp/LemmasComp.thy,MicroJava,35,17,18,0
NanoJava/State.thy,NanoJava,22,17,5,0
Nominal/Examples/Class2.thy,Nominal,112,17,95,0
Probability/Stopping_Time.thy,Probability,25,17,8,0
ex/Reflection_Examples.thy,ex,41,17,23,1
Algebra/Free_Abelian_Groups.thy,Algebra,35,16,19,0
Analysis/Harmonic_Numbers.thy,Analysis,34,16,18,0
Auth/Guard/List_Msg.thy,Auth,16,16,0,0
Auth/OtwayRees.thy,Auth,28,16,12,0
Auth/OtwayReesBella.thy,Auth,26,16,10,0
Auth/Yahalom2.thy,Auth,26,16,10,0
Cardinals/Wellorder_Embedding.thy,Cardinals,16,16,0,0
Data_Structures/Tree23_of_List.thy,Data_Structures,19,16,3,0
Hoare/Heap.thy,Hoare,28,16,12,0
Hoare/SepLogHeap.thy,Hoare,17,16,1,0
Hoare_Parallel/OG_Tactics.thy,Hoare_Parallel,39,16,23,0
IMP/ACom.thy,IMP,20,16,4,0
Lattice/Bounds.thy,Lattice,26,16,10,0
Library/Z2.thy,Library,17,16,1,0
MicroJava/BV/BVExample.thy,MicroJava,37,16,21,0
Number_Theory/Euler_Criterion.thy,Number_Theory,24,16,8,0
Probability/Conditional_Expectation.thy,Probability,54,16,38,0
Proofs/Lambda/Eta.thy,Proofs,28,16,12,0
Quotient_Examples/Lift_FSet.thy,Quotient_Examples,21,16,5,0
Sum_Type.thy,.,26,16,10,0
UNITY/Rename.thy,UNITY,55,16,39,0
ex/Ballot.thy,ex,22,16,6,0
ex/Tree23.thy,ex,22,16,5,1
Analysis/Abstract_Euclidean_Space.thy,Analysis,29,15,14,0
Bali/AxCompl.thy,Bali,48,15,33,0
Binomial_Plus.thy,.,34,15,19,0
HOLCF/Bifinite.thy,HOLCF,23,15,8,0
HOLCF/Completion.thy,HOLCF,30,15,15,0
HOLCF/Lift.thy,HOLCF,17,15,2,0
Imperative_HOL/ex/SatChecker.thy,Imperative_HOL,34,15,19,0
Library/Code_Binary_Nat.thy,Library,15,15,0,0
MacLaurin.thy,.,32,15,17,0
Number_Theory/Residue_Primitive_Roots.thy,Number_Theory,50,15,35,0
SPARK/SPARK_Setup.thy,SPARK,19,15,4,0
Statespace/StateFun.thy,Statespace,17,15,2,1
ex/Function_Growth.thy,ex,22,15,7,0
Analysis/Change_Of_Vars.thy,Analysis,49,14,35,0
Analysis/L2_Norm.thy,Analysis,18,14,4,0
Combinatorics/Stirling.thy,Combinatorics,21,14,7,0
Computational_Algebra/Euclidean_Algorithm.thy,Computational_Algebra,24,14,10,0
Data_Structures/Height_Balanced_Tree.thy,Data_Structures,18,14,4,0
Datatype_Examples/Regex_ACI.thy,Datatype_Examples,22,14,8,0
Decision_Procs/ex/Approximation_Ex.thy,Decision_Procs,14,14,0,0
HOLCF/Algebraic.thy,HOLCF,24,14,10,0
HOLCF/Library/Defl_Bifinite.thy,HOLCF,56,14,42,0
Hoare/Pointers0.thy,Hoare,33,14,19,0
Homology/Invariance_of_Domain.thy,Homology,64,14,50,0
IMP/Collecting.thy,IMP,21,14,7,0
Isar_Examples/Hoare_Ex.thy,Isar_Examples,22,14,6,1
Lattice/Lattice.thy,Lattice,42,14,28,0
Library/AList_Mapping.thy,Library,20,14,6,0
Library/ListVector.thy,Library,19,14,5,0
Library/Time_Functions.thy,Library,14,14,0,0
Nonstandard_Analysis/Free_Ultrafilter.thy,Nonstandard_Analysis,19,14,5,0
Probability/ex/Koepf_Duermuth_Countermeasure.thy,Probability,26,14,12,0
Proofs/Extraction/Euclid.thy,Proofs,21,14,7,0
TLA/Action.thy,TLA,27,14,13,0
UNITY/PPROD.thy,UNITY,31,14,17,0
ex/SAT_Examples.thy,ex,14,14,0,0
ex/Triangular_Numbers.thy,ex,15,14,1,0
Analysis/Caratheodory.thy,Analysis,36,13,23,0
Analysis/Sum_Topology.thy,Analysis,18,13,5,0
Auth/NS_Shared.thy,Auth,32,13,19,0
Auth/Smartcard/Smartcard.thy,Auth,42,13,29,0
Auth/TLS.thy,Auth,40,13,27,0
Cardinals/Order_Union.thy,Cardinals,15,13,2,0
Complex_Analysis/Cauchy_Integral_Theorem.thy,Complex_Analysis,45,13,32,0
Data_Structures/Set2_Join_RBT.thy,Data_Structures,27,13,14,0
Datatype_Examples/Koenig.thy,Datatype_Examples,14,13,1,0
Examples/Records.thy,Examples,28,13,15,1
HOLCF/IOA/Abstraction.thy,HOLCF,43,13,30,0
HOLCF/IOA/Traces.thy,HOLCF,24,13,11,0
Hoare/Pointer_Examples.thy,Hoare,29,13,16,0
IMP/Abs_State.thy,IMP,15,13,2,0
IMP/Live.thy,IMP,16,13,3,0
Imperative_HOL/ex/Subarray.thy,Imperative_HOL,15,13,2,0
Library/Cancellation.thy,Library,13,13,0,0
Library/Predicate_Compile_Alternative_Defs.thy,Library,15,13,2,0
Library/Preorder.thy,Library,13,13,0,0
Library/Quotient_Product.thy,Library,15,13,2,0
Library/Quotient_Set.thy,Library,14,13,1,0
Library/Subseq_Order.thy,Library,13,13,0,0
MicroJava/BV/BVNoTypeError.thy,MicroJava,29,13,16,0
MicroJava/Comp/AuxLemmas.thy,MicroJava,17,13,4,0
Probability/Characteristic_Functions.thy,Probability,31,13,18,0
Probability/Independent_Family.thy,Probability,45,13,32,0
Probability/Information.thy,Probability,52,13,39,0
Proofs/Lambda/Standardization.thy,Proofs,23,13,10,0
SET_Protocol/Merchant_Registration.thy,SET_Protocol,29,13,16,0
TLA/Inc/Inc.thy,TLA,28,13,15,0
UNITY/Comp/Counter.thy,UNITY,15,13,2,0
UNITY/Comp/Priority.thy,UNITY,25,13,12,0
Auth/Guard/Guard_Yahalom.thy,Auth,19,12,7,0
Auth/Kerberos_BAN_Gets.thy,Auth,50,12,38,0
Auth/Yahalom_Bad.thy,Auth,21,12,9,0
HOLCF/FOCUS/Fstream.thy,HOLCF,29,12,17,0
HOLCF/IOA/CompoExecs.thy,HOLCF,22,12,10,0
HOLCF/IOA/TL.thy,HOLCF,19,12,7,0
HOLCF/One.thy,HOLCF,12,12,0,0
Hahn_Banach/Subspace.thy,Hahn_Banach,28,12,16,0
Hoare/Hoare_Logic_Abort.thy,Hoare,15,12,3,0
IMP/Abs_Int2.thy,IMP,18,12,6,0
Induct/Comb.thy,Induct,16,12,4,0
Isar_Examples/Mutilated_Checkerboard.thy,Isar_Examples,20,12,8,0
Lattice/Orders.thy,Lattice,17,12,5,0
Library/DAList.thy,Library,12,12,0,0
Library/Disjoint_FSets.thy,Library,13,12,1,0
Nominal/Examples/Type_Preservation.thy,Nominal,14,12,2,0
Proofs/Lambda/LambdaType.thy,Proofs,23,12,11,0
Statespace/DistinctTreeProver.thy,Statespace,24,12,12,0
UNITY/Comp/Alloc.thy,UNITY,68,12,56,0
ZF/Zet.thy,ZF,24,12,12,0
ex/Simps_Case_Conv_Examples.thy,ex,12,12,0,0
Algebra/Bij.thy,Algebra,15,11,4,0
Analysis/Radon_Nikodym.thy,Analysis,32,11,21,0
Auth/CertifiedEmail.thy,Auth,28,11,16,0
Auth/OtwayRees_AN.thy,Auth,18,11,7,0
Cardinals/Fun_More.thy,Cardinals,11,11,0,0
Complex_Analysis/Riemann_Mapping.thy,Complex_Analysis,34,11,23,0
Complex_Analysis/Weierstrass_Factorization.thy,Complex_Analysis,31,11,20,0
Computational_Algebra/Group_Closure.thy,Computational_Algebra,16,11,5,0
Datatype_Examples/Process.thy,Datatype_Examples,15,11,4,0
Examples/Functions.thy,Examples,11,11,0,0
Hoare/Hoare_Logic.thy,Hoare,14,11,3,0
IMP/Compiler.thy,IMP,13,11,2,0
IMP/Hoare_Total_EX2.thy,IMP,19,11,8,0
Imperative_HOL/ex/List_Sublist.thy,Imperative_HOL,44,11,33,0
Library/Countable.thy,Library,15,11,4,0
Library/Order_Continuity.thy,Library,27,11,16,0
Library/Product_Plus.thy,Library,14,11,3,0
NanoJava/Equivalence.thy,NanoJava,26,11,15,0
Nominal/Examples/CR.thy,Nominal,33,11,22,0
Nominal/Examples/Class3.thy,Nominal,181,11,170,0
Partial_Function.thy,.,26,11,15,0
Probability/Sinc_Integral.thy,Probability,25,11,14,0
Probability/Tree_Space.thy,Probability,25,11,14,0
Proofs/Lambda/NormalForm.thy,Proofs,21,11,10,0
Quickcheck_Examples/Quickcheck_Lattice_Examples.thy,Quickcheck_Examples,21,11,0,1
UNITY/Simple/Mutex.thy,UNITY,23,11,12,1
ex/CTL.thy,ex,22,11,11,0
ex/NatSum.thy,ex,13,11,2,0
Algebra/Zassenhaus.thy,Algebra,14,10,4,0
Analysis/Smooth_Paths.thy,Analysis,20,10,10,0
Auth/NS_Public.thy,Auth,14,10,4,0
Basic_BNFs.thy,.,12,10,2,0
Data_Structures/Leftist_Heap_List.thy,Data_Structures,16,10,6,0
Data_Structures/Tree234_Map.thy,Data_Structures,10,10,0,0
Data_Structures/Tree23_Map.thy,Data_Structures,10,10,0,0
Datatype_Examples/Stream_Processor.thy,Datatype_Examples,13,10,3,0
Examples/Adhoc_Overloading.thy,Examples,12,10,2,0
Examples/Groebner_Examples.thy,Examples,14,10,4,1
HOLCF/IOA/Asig.thy,HOLCF,10,10,0,0
IMP/Big_Step.thy,IMP,15,10,5,0
Imperative_HOL/ex/Congproc_Ex.thy,Imperative_HOL,13,10,3,0
Induct/Sexp.thy,Induct,16,10,6,0
Library/Code_Bit_Shifts_for_Arithmetic.thy,Library,10,10,0,0
Library/Confluence.thy,Library,13,10,3,0
Library/Diagonal_Subsequence.thy,Library,16,10,6,0
Library/Groups_Big_Fun.thy,Library,21,10,11,0
Library/Quotient_Sum.thy,Library,13,10,3,0
Number_Theory/Modular_Inverse.thy,Number_Theory,14,10,4,0
Predicate_Compile_Examples/Predicate_Compile_Tests.thy,Predicate_Compile_Examples,13,10,3,0
Probability/Essential_Supremum.thy,Probability,15,10,5,0
Proofs/Lambda/ListApplication.thy,Proofs,17,10,7,0
Unix/Nested_Environment.thy,Unix,18,10,8,0
Unix/Unix.thy,Unix,28,10,18,0
ex/Eval_Examples.thy,ex,10,10,0,0
Algebra/IntRing.thy,Algebra,18,9,9,0
Analysis/Fashoda_Theorem.thy,Analysis,15,9,6,0
Analysis/Improper_Integral.thy,Analysis,32,9,23,0
Analysis/Lindelof_Spaces.thy,Analysis,16,9,7,0
Auth/NS_Public_Bad.thy,Auth,14,9,5,1
Auth/OtwayRees_Bad.thy,Auth,16,9,7,1
Auth/WooLam.thy,Auth,11,9,2,1
Combinatorics/Cycles.thy,Combinatorics,28,9,19,0
Complex_Analysis/Complex_Residues.thy,Complex_Analysis,24,9,15,0
Data_Structures/AVL_Bal_Set.thy,Data_Structures,13,9,4,0
Data_Structures/AVL_Set.thy,Data_Structures,18,9,9,0
Data_Structures/RBT_Map.thy,Data_Structures,10,9,1,0
Data_Structures/Set2_Join.thy,Data_Structures,23,9,14,0
Data_Structures/Sorted_Less.thy,Data_Structures,9,9,0,0
Datatype_Examples/TLList.thy,Datatype_Examples,14,9,5,0
HOLCF/Compact_Basis.thy,HOLCF,13,9,4,0
HOLCF/IOA/CompoScheds.thy,HOLCF,30,9,19,0
HOLCF/Library/List_Predomain.thy,HOLCF,17,9,8,0
HOLCF/Powerdomains.thy,HOLCF,12,9,3,0
HOLCF/Tutorial/Fixrec_ex.thy,HOLCF,9,9,0,0
Hahn_Banach/Function_Order.thy,Hahn_Banach,10,9,1,0
IMP/Finite_Reachable.thy,IMP,14,9,5,0
IMP/Live_True.thy,IMP,15,9,6,0
Induct/Infinitely_Branching_Tree.thy,Induct,10,9,1,0
Library/Extended.thy,Library,10,9,1,0
Library/Old_Recdef.thy,Library,12,9,3,0
Library/Quotient_Option.thy,Library,11,9,2,0
Library/Tree_Multiset.thy,Library,9,9,0,0
MicroJava/BV/Typing_Framework_JVM.thy,MicroJava,20,9,11,0
MicroJava/DFA/Listn.thy,MicroJava,53,9,44,0
Predicate_Compile.thy,.,9,9,0,0
Probability/Convolution.thy,Probability,16,9,7,0
Probability/Product_PMF.thy,Probability,40,9,31,0
TLA/Memory/Memory.thy,TLA,14,9,5,0
ex/PER.thy,ex,19,9,10,0
ex/Peano_Axioms.thy,ex,12,9,3,0
Analysis/Metric_Arith.thy,Analysis,9,8,1,0
Analysis/Operator_Norm.thy,Analysis,20,8,12,0
Auth/Guard/Guard_OtwayRees.thy,Auth,11,8,3,0
Bali/Evaln.thy,Bali,29,8,21,0
Cardinals/Wellorder_Extension.thy,Cardinals,11,8,3,0
Data_Structures/AVL_Bal2_Set.thy,Data_Structures,12,8,4,0
Data_Structures/Interval_Tree.thy,Data_Structures,11,8,3,0
Datatype_Examples/FAE_Sequence.thy,Datatype_Examples,14,8,6,0
HOLCF/Tutorial/Domain_ex.thy,HOLCF,8,8,0,0
IMP/Hoare_Sound_Complete.thy,IMP,11,8,3,0
IMP/Hoare_Total.thy,IMP,18,8,9,0
Imperative_HOL/ex/Sorted_List.thy,Imperative_HOL,14,8,6,0
Lattice/CompleteLattice.thy,Lattice,33,8,25,0
Library/Code_Cardinality.thy,Library,9,8,1,0
Library/Combine_PER.thy,Library,9,8,1,0
Library/List_Lexorder.thy,Library,8,8,0,0
Metis_Examples/Type_Encodings.thy,Metis_Examples,8,8,0,0
MicroJava/J/Conform.thy,MicroJava,45,8,37,0
MicroJava/J/JBasis.thy,MicroJava,8,8,0,0
Nitpick.thy,.,12,8,4,0
Nonstandard_Analysis/CStar.thy,Nonstandard_Analysis,8,8,0,0
SET_Protocol/Event_SET.thy,SET_Protocol,14,8,6,0
Types_To_Sets/Examples/Linear_Algebra_On.thy,Types_To_Sets,8,8,0,0
UNITY/Comp/Counterc.thy,UNITY,12,8,4,0
ex/Bit_Operation_Computations.thy,ex,8,8,0,0
ex/Code_Binary_Nat_examples.thy,ex,8,8,0,0
ex/Perm_Fragments.thy,ex,23,8,11,1
Algebra/Exact_Sequence.thy,Algebra,25,7,18,0
Algebra/Module.thy,Algebra,15,7,8,0
Analysis/Kronecker_Approximation_Theorem.thy,Analysis,24,7,17,0
Complex_Analysis/Conformal_Mappings.thy,Complex_Analysis,44,7,37,0
Data_Structures/Braun_Tree.thy,Data_Structures,15,7,8,0
Datatype_Examples/Derivation_Trees/Parallel_Composition.thy,Datatype_Examples,10,7,3,0
Decision_Procs/Conversions.thy,Decision_Procs,7,7,0,0
HOLCF/IOA/ABP/Lemmas.thy,HOLCF,7,7,0,0
HOLCF/IOA/TLS.thy,HOLCF,13,7,6,0
IMP/Fold.thy,IMP,12,7,5,0
Library/Conditional_Parametricity.thy,Library,7,7,0,0
Library/Function_Algebras.thy,Library,8,7,1,0
Metis_Examples/Sets.thy,Metis_Examples,14,7,7,0
MicroJava/BV/JType.thy,MicroJava,14,7,7,0
MicroJava/DFA/LBVComplete.thy,MicroJava,16,7,9,0
Probability/Weak_Convergence.thy,Probability,17,7,10,0
Quotient_Examples/Quotient_Int.thy,Quotient_Examples,11,7,4,0
UNITY/Comp/AllocBase.thy,UNITY,10,7,3,0
UNITY/Simple/Deadlock.thy,UNITY,8,7,1,0
UNITY/Simple/Reachability.thy,UNITY,33,7,26,0
Wfrec.thy,.,11,7,4,0
ex/Datatype_Record_Examples.thy,ex,8,7,1,0
ex/Hex_Bin_Examples.thy,ex,9,7,0,1
ex/IArray_Examples.thy,ex,7,7,0,0
Algebra/Generated_Fields.thy,Algebra,13,6,7,0
Algebra/Generated_Rings.thy,Algebra,12,6,6,0
Algebra/Left_Coset.thy,Algebra,12,6,6,0
Algebra/Product_Groups.thy,Algebra,20,6,14,0
Algebra/Solvable_Groups.thy,Algebra,12,6,6,0
Analysis/Ball_Volume.thy,Analysis,10,6,4,0
Analysis/Uncountable_Sets.thy,Analysis,12,6,6,0
Auth/Guard/Guard_NS_Public.thy,Auth,15,6,9,0
Auth/Recur.thy,Auth,25,6,19,0
Codegenerator_Test/Code_Lazy_Test.thy,Codegenerator_Test,6,6,0,0
Data_Structures/Brother12_Map.thy,Data_Structures,9,6,3,0
Data_Structures/Time_Locale_Example.thy,Data_Structures,8,6,2,0
Data_Structures/Tree_Rotations.thy,Data_Structures,13,6,6,1
Data_Structures/Tree_Set.thy,Data_Structures,6,6,0,0
Datatype_Examples/Cyclic_List.thy,Datatype_Examples,6,6,0,0
Datatype_Examples/Derivation_Trees/DTree.thy,Datatype_Examples,10,6,4,0
Decision_Procs/Commutative_Ring_Complete.thy,Decision_Procs,15,6,9,0
Examples/Ackermann.thy,Examples,8,6,2,0
Examples/Induction_Schema.thy,Examples,6,6,0,0
HOLCF/Sfun.thy,HOLCF,8,6,2,0
Hoare_Parallel/RG_Examples.thy,Hoare_Parallel,13,6,7,0
IMP/Denotational.thy,IMP,14,6,8,0
IMP/Hoare_Total_EX.thy,IMP,14,6,8,0
IMP/Vars.thy,IMP,8,6,2,0
Library/Code_Real_Approx_By_Float.thy,Library,6,6,0,0
Library/Lexord.thy,Library,8,6,2,0
Library/List_Lenlexorder.thy,Library,6,6,0,0
Library/Type_Length.thy,Library,6,6,0,0
MicroJava/DFA/SemilatAlg.thy,MicroJava,12,6,6,0
MicroJava/J/WellForm.thy,MicroJava,49,6,43,0
Nominal/Examples/Contexts.thy,Nominal,7,6,1,0
Nominal/Examples/LocalWeakening.thy,Nominal,8,6,2,0
Predicate_Compile_Examples/Hotel_Example_Prolog.thy,Predicate_Compile_Examples,11,6,0,1
Probability/Hoeffding.thy,Probability,22,6,16,0
Probability/ex/Dining_Cryptographers.thy,Probability,12,6,6,0
Real_Asymp/Manual/Real_Asymp_Doc.thy,Real_Asymp,7,6,0,1
TLA/Init.thy,TLA,6,6,0,0
TLA/Memory/MemClerk.thy,TLA,7,6,1,0
TLA/Memory/RPC.thy,TLA,6,6,0,0
UNITY/Comp/Client.thy,UNITY,15,6,9,0
UNITY/Follows.thy,UNITY,27,6,21,0
ex/Erdoes_Szekeres.thy,ex,7,6,1,0
ex/MergeSort.thy,ex,6,6,0,0
ex/Serbian.thy,ex,7,6,1,0
Analysis/Continuum_Not_Denumerable.thy,Analysis,12,5,7,0
Analysis/Generalised_Binomial_Theorem.thy,Analysis,11,5,6,0
Bali/AxSound.thy,Bali,26,5,20,1
Data_Structures/AVL_Set_Code.thy,Data_Structures,5,5,0,0
Data_Structures/RBT_Set2.thy,Data_Structures,8,5,3,0
Datatype_Examples/Derivation_Trees/Prelim.thy,Datatype_Examples,10,5,5,0
HOLCF/FOCUS/Buffer_adm.thy,HOLCF,20,5,15,0
HOLCF/IOA/CompoTraces.thy,HOLCF,24,5,17,0
Library/Code_Test.thy,Library,5,5,0,0
Library/Function_Division.thy,Library,5,5,0,0
Library/Quotient_Type.thy,Library,13,5,8,0
Library/Tree_Real.thy,Library,10,5,5,0
Metis.thy,.,5,5,0,0
MicroJava/BV/BVSpecTypeSafe.thy,MicroJava,37,5,32,0
MicroJava/DFA/Opt.thy,MicroJava,18,5,13,0
MicroJava/J/JListExample.thy,MicroJava,5,5,0,0
Nominal/Examples/Lam_Funs.thy,Nominal,6,5,1,0
Nominal/Examples/Support.thy,Nominal,9,5,4,0
Nominal/Examples/VC_Condition.thy,Nominal,9,5,4,1
Number_Theory/Mod_Exp.thy,Number_Theory,7,5,2,0
Predicate_Compile_Examples/Context_Free_Grammar_Example.thy,Predicate_Compile_Examples,10,5,0,1
Probability/Random_Permutations.thy,Probability,10,5,5,0
Probability/ex/Measure_Not_CCC.thy,Probability,9,5,4,0
Proofs/Lambda/ParRed.thy,Proofs,10,5,5,0
Quickcheck_Examples/Quickcheck_Examples.thy,Quickcheck_Examples,79,5,0,1
Quickcheck_Narrowing.thy,.,7,5,2,0
UNITY/Comp/Progress.thy,UNITY,13,5,8,0
UNITY/FP.thy,UNITY,8,5,3,0
UNITY/Simple/Reach.thy,UNITY,15,5,10,0
ZF/LProd.thy,ZF,21,5,14,1
ex/Bubblesort.thy,ex,9,5,4,0
ex/Executable_Relation.thy,ex,7,5,1,1
Analysis/Homeomorphism.thy,Analysis,17,4,13,0
Analysis/Poly_Roots.thy,Analysis,13,4,9,0
Analysis/Simplex_Content.thy,Analysis,10,4,6,0
Auth/ZhouGollmann.thy,Auth,27,4,23,0
Code_Evaluation.thy,.,4,4,0,0
Corec_Examples/LFilter.thy,Corec_Examples,7,4,3,0
Corec_Examples/Stream_Processor.thy,Corec_Examples,6,4,2,0
Data_Structures/Tree2.thy,Data_Structures,4,4,0,0
Data_Structures/Trie_Fun.thy,Data_Structures,4,4,0,0
Data_Structures/Trie_Ternary.thy,Data_Structures,7,4,2,0
Datatype_Examples/Datatype_Simproc_Tests.thy,Datatype_Examples,4,4,0,0
Datatype_Examples/Lift_BNF.thy,Datatype_Examples,6,4,2,0
Examples/Cantor.thy,Examples,8,4,4,0
Examples/Seq.thy,Examples,4,4,0,0
Extraction.thy,.,7,4,3,0
Groebner_Basis.thy,.,4,4,0,0
HOLCF/Cpodef.thy,HOLCF,18,4,14,0
HOLCF/FOCUS/FOCUS.thy,HOLCF,4,4,0,0
HOLCF/IMP/Denotational.thy,HOLCF,6,4,2,0
HOLCF/IOA/ABP/Correctness.thy,HOLCF,21,4,17,0
HOLCF/IOA/Simulations.thy,HOLCF,4,4,0,0
Hoare/Examples.thy,Hoare,24,4,20,0
Hoare/SchorrWaite.thy,Hoare,27,4,23,0
IMP/Hoare.thy,IMP,4,4,0,0
IMP/Small_Step.thy,IMP,11,4,7,0
Library/Code_Abstract_Nat.thy,Library,4,4,0,0
Library/Code_Lazy.thy,Library,4,4,0,0
Library/Quadratic_Discriminant.thy,Library,12,4,8,0
Library/Time_Manual.thy,Library,5,4,1,0
Library/Transitive_Closure_Table.thy,Library,12,4,8,0
Matrix_LP/ComputeNumeral.thy,Matrix_LP,4,4,0,0
MicroJava/Comp/TranslCompTp.thy,MicroJava,4,4,0,0
MicroJava/J/TypeRel.thy,MicroJava,22,4,18,0
MicroJava/JVM/JVMListExample.thy,MicroJava,4,4,0,0
NanoJava/TypeRel.thy,NanoJava,12,4,8,0
Nitpick_Examples/Manual_Nits.thy,Nitpick_Examples,47,4,3,1
Predicate_Compile_Examples/Specialisation_Examples.thy,Predicate_Compile_Examples,4,4,0,0
Probability/Projective_Limit.thy,Probability,8,4,4,0
Semiring_Normalization.thy,.,5,4,1,0
TPTP/THF_Arith.thy,TPTP,4,4,0,0
Types_To_Sets/Examples/Prerequisites.thy,Types_To_Sets,5,4,1,0
Types_To_Sets/Examples/T2_Spaces.thy,Types_To_Sets,8,4,4,0
UNITY/Simple/Lift.thy,UNITY,29,4,25,0
ex/Quicksort.thy,ex,5,4,1,0
ex/Residue_Ring.thy,ex,4,4,0,0
ex/ThreeDivides.thy,ex,10,4,6,0
Algebra/RingHom.thy,Algebra,12,3,9,0
Analysis/Cartesian_Space.thy,Analysis,6,3,3,0
Analysis/Continuous_Extension.thy,Analysis,9,3,6,0
Analysis/Lebesgue_Integral_Substitution.thy,Analysis,5,3,2,0
Analysis/Vitali_Covering_Theorem.thy,Analysis,10,3,7,0
Bali/Trans.thy,Bali,3,3,0,0
Codegenerator_Test/Generate_Target_Bit_Operations.thy,Codegenerator_Test,3,3,0,0
Codegenerator_Test/Generate_Target_String_Literals.thy,Codegenerator_Test,3,3,0,0
Corec_Examples/Tests/Iterate_GPV.thy,Corec_Examples,3,3,0,0
Data_Structures/AA_Map.thy,Data_Structures,8,3,5,0
Data_Structures/Tree_Map.thy,Data_Structures,3,3,0,0
Decision_Procs/DP_Library.thy,Decision_Procs,4,3,1,0
Eisbach/Examples.thy,Eisbach,21,3,18,1
Examples/Coherent.thy,Examples,3,3,0,0
HOLCF/Cprod.thy,HOLCF,3,3,0,0
HOLCF/IOA/NTP/Lemmas.thy,HOLCF,3,3,0,0
HOLCF/IOA/NTP/Multiset.thy,HOLCF,8,3,5,0
HOLCF/IOA/RefCorrectness.thy,HOLCF,19,3,16,0
HOLCF/ex/Hoare.thy,HOLCF,29,3,26,0
HOLCF/ex/Powerdomain_ex.thy,HOLCF,7,3,4,0
Hoare/ExamplesAbort.thy,Hoare,3,3,0,0
IMP/Collecting1.thy,IMP,4,3,1,0
IMP/Complete_Lattice.thy,IMP,4,3,1,0
IMP/Types.thy,IMP,9,3,6,0
Imperative_HOL/ex/Imperative_Quicksort.thy,Imperative_HOL,22,3,19,0
Isar_Examples/Basic_Logic.thy,Isar_Examples,22,3,18,0
Library/Confluent_Quotient.thy,Library,9,3,6,0
Library/Fun_Lexorder.thy,Library,7,3,4,0
Library/Infinite_Typeclass.thy,Library,4,3,1,0
Library/Parallel.thy,Library,3,3,0,0
Library/Pattern_Aliases.thy,Library,3,3,0,0
Library/Phantom_Type.thy,Library,3,3,0,0
Library/Product_Lexorder.thy,Library,3,3,0,0
MicroJava/BV/BVSpec.thy,MicroJava,5,3,2,0
MicroJava/Comp/DefsComp.thy,MicroJava,3,3,0,0
MicroJava/DFA/Kildall.thy,MicroJava,16,3,13,0
MicroJava/DFA/LBVCorrect.thy,MicroJava,10,3,7,0
MicroJava/DFA/Product.thy,MicroJava,9,3,6,0
MicroJava/J/State.thy,MicroJava,17,3,14,0
MicroJava/JVM/JVMDefensive.thy,MicroJava,4,3,1,0
NanoJava/AxSem.thy,NanoJava,10,3,7,0
NanoJava/Example.thy,NanoJava,11,3,8,0
NanoJava/OpSem.thy,NanoJava,6,3,3,0
Proofs/Extraction/Higman.thy,Proofs,18,3,15,0
Proofs/Extraction/Warshall.thy,Proofs,10,3,7,0
Quickcheck_Examples/Completeness.thy,Quickcheck_Examples,5,3,2,0
Quickcheck_Examples/Quickcheck_Narrowing_Examples.thy,Quickcheck_Examples,29,3,0,1
Random.thy,.,9,3,6,0
SPARK/Examples/RIPEMD-160/RMD_Lemmas.thy,SPARK,3,3,0,0
SPARK/Examples/RIPEMD-160/Round.thy,SPARK,6,3,3,0
SPARK/Manual/Example_Verification.thy,SPARK,5,3,0,0
TLA/Intensional.thy,TLA,4,3,1,0
Types_To_Sets/Examples/Finite.thy,Types_To_Sets,4,3,1,0
UNITY/Comp/PriorityAux.thy,UNITY,10,3,7,0
ex/Argo_Examples.thy,ex,3,3,0,0
ex/Code_Lazy_Demo.thy,ex,3,3,0,0
ex/Radix_Sort.thy,ex,7,3,4,0
ex/Word_Computations.thy,ex,3,3,0,0
Algebra/Exponent.thy,Algebra,5,2,3,0
Algebra/Ideal_Product.thy,Algebra,20,2,18,0
Algebra/SimpleGroups.thy,Algebra,5,2,3,0
Analysis/Integral_Test.thy,Analysis,6,2,4,0
Bali/Name.thy,Bali,3,2,1,0
Complex_Analysis/Great_Picard.thy,Complex_Analysis,18,2,16,0
Ctr_Sugar.thy,.,2,2,0,0
Data_Structures/AVL_Map.thy,Data_Structures,4,2,2,0
Data_Structures/Cmp.thy,Data_Structures,2,2,0,0
Data_Structures/Isin2.thy,Data_Structures,2,2,0,0
Data_Structures/Queue_2Lists.thy,Data_Structures,2,2,0,0
Datatype_Examples/Lambda_Term.thy,Datatype_Examples,3,2,1,0
Datatype_Examples/Milner_Tofte.thy,Datatype_Examples,3,2,1,0
Examples/Iff_Oracle.thy,Examples,4,2,2,1
HOLCF/IOA/Compositionality.thy,HOLCF,5,2,3,0
HOLCF/IOA/NTP/Abschannel.thy,HOLCF,4,2,2,0
HOLCF/IOA/NTP/Impl.thy,HOLCF,6,2,4,0
Hoare/ExamplesTC.thy,Hoare,8,2,6,0
Hoare_Parallel/RG_Hoare.thy,Hoare_Parallel,43,2,41,0
IMP/Collecting_Examples.thy,IMP,2,2,0,0
IMP/Def_Init_Exp.thy,IMP,2,2,0,0
IMP/Sec_Type_Expr.thy,IMP,2,2,0,0
IMP/VCG_Total_EX2.thy,IMP,6,2,4,0
Imperative_HOL/Heap.thy,Imperative_HOL,2,2,0,0
Imperative_HOL/ex/Imperative_Reverse.thy,Imperative_HOL,5,2,3,0
Induct/ABexp.thy,Induct,2,2,0,0
Isar_Examples/Fibonacci.thy,Isar_Examples,9,2,7,0
Library/Case_Converter.thy,Library,2,2,0,0
Library/Char_ord.thy,Library,2,2,0,0
Library/Complex_Order.thy,Library,2,2,0,0
Library/Debug.thy,Library,2,2,0,0
Library/Power_By_Squaring.thy,Library,3,2,1,0
Library/Suc_Notation.thy,Library,2,2,0,0
MicroJava/Comp/Index.thy,MicroJava,9,2,7,0
MicroJava/J/Eval.thy,MicroJava,10,2,8,0
MicroJava/J/Exceptions.thy,MicroJava,4,2,2,0
Nitpick_Examples/Refute_Nits.thy,Nitpick_Examples,250,2,46,1
Nominal/Examples/Compile.thy,Nominal,3,2,1,0
Nominal/Examples/Weakening.thy,Nominal,5,2,3,1
Predicate_Compile_Examples/Hotel_Example_Small_Generator.thy,Predicate_Compile_Examples,3,2,0,1
Predicate_Compile_Examples/Predicate_Compile_Quickcheck_Examples.thy,Predicate_Compile_Examples,15,2,1,1
Proofs/Lambda/InductTermi.thy,Proofs,5,2,3,0
Quickcheck_Examples/Hotel_Example.thy,Quickcheck_Examples,7,2,2,1
Quickcheck_Random.thy,.,3,2,1,0
Quotient_Examples/Int_Pow.thy,Quotient_Examples,7,2,5,0
Real_Asymp/Lazy_Eval.thy,Real_Asymp,2,2,0,0
SPARK/Examples/RIPEMD-160/Hash.thy,SPARK,4,2,2,0
Statespace/StateSpaceLocale.thy,Statespace,3,2,1,0
TLA/Buffer/DBuffer.thy,TLA,11,2,9,0
TLA/Memory/ProcedureInterface.thy,TLA,2,2,0,0
Typerep.thy,.,2,2,0,0
UNITY/Simple/Channel.thy,UNITY,6,2,4,0
UNITY/Simple/Common.thy,UNITY,8,2,6,0
UNITY/Simple/NSP_Bad.thy,UNITY,15,2,13,1
UNITY/Simple/Token.thy,UNITY,10,2,8,0
ex/Birthday_Paradox.thy,ex,5,2,3,0
ex/Cartouche_Examples.thy,ex,4,2,2,0
ex/Execute_Choice.thy,ex,4,2,2,0
ex/Interpretation_in_nested_targets.thy,ex,2,2,0,0
ex/Lagrange.thy,ex,2,2,0,0
ex/Note_on_signed_division_on_words.thy,ex,3,2,1,0
ex/Pythagoras.thy,ex,2,2,0,0
ex/Simproc_Tests.thy,ex,3,2,1,1
ex/Sqrt_Script.thy,ex,6,2,4,0
ex/Transfer_Debug.thy,ex,8,2,6,1
Algebra/SndIsomorphismGrp.thy,Algebra,9,1,8,0
Analysis/Jordan_Curve.thy,Analysis,6,1,5,0
Auth/All_Symmetric.thy,Auth,1,1,0,0
Auth/Smartcard/ShoupRubin.thy,Auth,78,1,76,0
Auth/Smartcard/ShoupRubinBella.thy,Auth,80,1,78,0
Bali/Type.thy,Bali,1,1,0,0
Cardinals/Wellfounded_More.thy,Cardinals,2,1,1,0
Codegenerator_Test/Candidates.thy,Codegenerator_Test,1,1,0,0
Complex_Analysis/Residue_Theorem.thy,Complex_Analysis,14,1,13,0
Data_Structures/Base_FDS.thy,Data_Structures,2,1,0,0
Data_Structures/Lookup2.thy,Data_Structures,1,1,0,0
Data_Structures/Tree23.thy,Data_Structures,1,1,0,0
Datatype_Examples/TreeFI.thy,Datatype_Examples,2,1,1,0
Datatype_Examples/TreeFsetI.thy,Datatype_Examples,1,1,0,0
Decision_Procs/ex/Approximation_Quickcheck_Ex.thy,Decision_Procs,5,1,0,1
Eisbach/Examples_FOL.thy,Eisbach,8,1,7,1
Examples/Knaster_Tarski.thy,Examples,3,1,2,0
Examples/Sqrt.thy,Examples,4,1,3,0
HOLCF/FOCUS/Stream_adm.thy,HOLCF,15,1,14,0
HOLCF/IOA/LiveIOA.thy,HOLCF,2,1,1,0
HOLCF/IOA/NTP/Packet.thy,HOLCF,1,1,0,0
HOLCF/IOA/NTP/Receiver.thy,HOLCF,1,1,0,0
HOLCF/IOA/NTP/Sender.thy,HOLCF,1,1,0,0
HOLCF/IOA/RefMappings.thy,HOLCF,7,1,6,0
HOLCF/IOA/Storage/Action.thy,HOLCF,1,1,0,0
HOLCF/IOA/Storage/Impl.thy,HOLCF,1,1,0,0
HOLCF/Library/Bool_Discrete.thy,HOLCF,2,1,1,0
Hahn_Banach/Bounds.thy,Hahn_Banach,3,1,2,0
Hahn_Banach/Function_Norm.thy,Hahn_Banach,8,1,7,0
Hahn_Banach/Hahn_Banach.thy,Hahn_Banach,4,1,2,0
Hahn_Banach/Hahn_Banach_Ext_Lemmas.thy,Hahn_Banach,4,1,3,0
Hahn_Banach/Zorn_Lemma.thy,Hahn_Banach,2,1,1,0
Hoare/HeapSyntax.thy,Hoare,1,1,0,0
Hoare/HeapSyntaxAbort.thy,Hoare,1,1,0,0
Hoare/Hoare_Tac.thy,Hoare,1,1,0,0
Hoare/Separation.thy,Hoare,9,1,8,0
Hoare_Parallel/OG_Examples.thy,Hoare_Parallel,16,1,15,0
IMP/AExp.thy,IMP,4,1,3,0
IMP/Abs_Int1_const.thy,IMP,1,1,0,0
IMP/Def_Init.thy,IMP,1,1,0,0
IMP/Def_Init_Big.thy,IMP,2,1,1,0
IMP/Hoare_Examples.thy,IMP,4,1,3,0
IMP/Sec_TypingT.thy,IMP,7,1,6,0
IMP/Star.thy,IMP,2,1,1,0
IMP/VCG.thy,IMP,5,1,4,0
IOA/Solve.thy,IOA,8,1,7,0
Induct/Nested_Datatype.thy,Induct,3,1,2,0
Induct/Term.thy,Induct,2,1,1,0
Inequalities.thy,.,2,1,1,0
Isar_Examples/Group.thy,Isar_Examples,9,1,8,0
Library/Code_Target_Numeral_Float.thy,Library,1,1,0,0
Library/Prefix_Order.thy,Library,1,1,0,0
Library/Rewrite.thy,Library,2,1,1,0
Limited_Sequence.thy,.,1,1,0,0
Matrix_LP/Cplex.thy,Matrix_LP,2,1,1,0
MicroJava/BV/EffectMono.thy,MicroJava,8,1,7,0
MicroJava/BV/JVM.thy,MicroJava,6,1,5,0
MicroJava/BV/LBVJVM.thy,MicroJava,7,1,6,0
MicroJava/DFA/Typing_Framework_err.thy,MicroJava,11,1,10,0
MicroJava/J/Example.thy,MicroJava,35,1,34,0
MicroJava/J/JTypeSafe.thy,MicroJava,11,1,10,0
MicroJava/J/WellType.thy,MicroJava,8,1,7,0
MicroJava/JVM/JVMExceptions.thy,MicroJava,1,1,0,0
Nitpick_Examples/Special_Nits.thy,Nitpick_Examples,21,1,0,1
Nominal/Examples/Height.thy,Nominal,2,1,1,0
Predicate_Compile_Examples/Examples.thy,Predicate_Compile_Examples,1,1,0,0
Predicate_Compile_Examples/Hotel_Example.thy,Predicate_Compile_Examples,1,1,0,0
Predicate_Compile_Examples/Lambda_Example.thy,Predicate_Compile_Examples,4,1,2,1
Probability/Discrete_Topology.thy,Probability,1,1,0,0
Probability/Helly_Selection.thy,Probability,4,1,3,0
Probability/Levy.thy,Probability,6,1,5,0
Prolog/Test.thy,Prolog,12,1,11,1
Proofs/Extraction/Greatest_Common_Divisor.thy,Proofs,2,1,1,0
Proofs/Extraction/QuotRem.thy,Proofs,2,1,1,0
Proofs/Lambda/Commutation.thy,Proofs,18,1,17,0
Proofs/Lambda/ListBeta.thy,Proofs,5,1,4,0
Proofs/Lambda/StrongNorm.thy,Proofs,8,1,7,0
Proofs/Lambda/WeakNorm.thy,Proofs,7,1,6,0
Proofs/ex/XML_Data.thy,Proofs,1,1,0,0
Random_Pred.thy,.,1,1,0,0
SPARK/Manual/Proc1.thy,SPARK,1,1,0,0
SPARK/Manual/Reference.thy,SPARK,1,1,0,0
SPARK/SPARK.thy,SPARK,1,1,0,0
TLA/Buffer/Buffer.thy,TLA,4,1,3,0
TLA/Memory/MemoryParameters.thy,TLA,1,1,0,0
TPTP/TPTP_Proof_Reconstruction_Test.thy,TPTP,2,1,1,0
UNITY/Comp/AllocImpl.thy,UNITY,12,1,11,0
UNITY/Detects.thy,UNITY,7,1,6,0
ex/Chinese.thy,ex,1,1,0,0
ex/HarmonicSeries.thy,ex,5,1,4,0
ex/Hebrew.thy,ex,1,1,0,0
ex/Join_Theory.thy,ex,1,1,0,0
ex/Parallel_Example.thy,ex,1,1,0,0
ex/Specifications_with_bundle_mixins.thy,ex,2,1,1,0
ex/veriT_Preprocessing.thy,ex,1,1,0,0
Algebra/Algebra.thy,Algebra,0,0,0,0
Algebra/README.thy,Algebra,0,0,0,0
Analysis/Analysis.thy,Analysis,0,0,0,0
Analysis/Finite_Function_Topology.thy,Analysis,0,0,0,0
Analysis/Function_Metric.thy,Analysis,4,0,4,0
Analysis/Multivariate_Analysis.thy,Analysis,0,0,0,0
Analysis/Regularity.thy,Analysis,1,0,1,0
Argo.thy,.,0,0,0,0
Auth/Auth_Public.thy,Auth,0,0,0,0
Auth/Auth_Shared.thy,Auth,0,0,0,0
Auth/Guard/Auth_Guard_Public.thy,Auth,0,0,0,0
Auth/Guard/Auth_Guard_Shared.thy,Auth,0,0,0,0
Auth/Guard/README_Guard.thy,Auth,3,0,1,0
Auth/Kerberos_BAN.thy,Auth,47,0,47,0
Auth/README.thy,Auth,0,0,0,0
Auth/Smartcard/Auth_Smartcard.thy,Auth,0,0,0,0
Bali/AxExample.thy,Bali,6,0,6,0
Bali/AxSem.thy,Bali,92,0,92,1
Bali/Value.thy,Bali,0,0,0,0
Cardinals/Cardinals.thy,Cardinals,0,0,0,0
Codegenerator_Test/Basic_Setup.thy,Codegenerator_Test,0,0,0,0
Codegenerator_Test/Code_Test_GHC.thy,Codegenerator_Test,0,0,0,0
Codegenerator_Test/Code_Test_MLton.thy,Codegenerator_Test,0,0,0,0
Codegenerator_Test/Code_Test_OCaml.thy,Codegenerator_Test,0,0,0,0
Codegenerator_Test/Code_Test_PolyML.thy,Codegenerator_Test,0,0,0,0
Codegenerator_Test/Code_Test_SMLNJ.thy,Codegenerator_Test,0,0,0,0
Codegenerator_Test/Code_Test_Scala.thy,Codegenerator_Test,0,0,0,0
Codegenerator_Test/Generate.thy,Codegenerator_Test,0,0,0,0
Codegenerator_Test/Generate_Abstract_Char.thy,Codegenerator_Test,0,0,0,0
Codegenerator_Test/Generate_Binary_Nat.thy,Codegenerator_Test,0,0,0,0
Codegenerator_Test/Generate_Efficient_Datastructures.thy,Codegenerator_Test,0,0,0,0
Codegenerator_Test/Generate_Target_GHC.thy,Codegenerator_Test,0,0,0,0
Codegenerator_Test/Generate_Target_MLton.thy,Codegenerator_Test,0,0,0,0
Codegenerator_Test/Generate_Target_Nat.thy,Codegenerator_Test,0,0,0,0
Codegenerator_Test/Generate_Target_OCaml.thy,Codegenerator_Test,0,0,0,0
Codegenerator_Test/Generate_Target_Rewrites_To_Bit_Operations.thy,Codegenerator_Test,0,0,0,0
Codegenerator_Test/Generate_Target_SMLNJ.thy,Codegenerator_Test,0,0,0,0
Combinatorics/Combinatorics.thy,Combinatorics,0,0,0,0
Complex_Analysis/Complex_Analysis.thy,Complex_Analysis,0,0,0,0
Complex_Main.thy,.,0,0,0,0
Computational_Algebra/Computation_Checks.thy,Computational_Algebra,0,0,0,0
Computational_Algebra/Computational_Algebra.thy,Computational_Algebra,0,0,0,0
Computational_Algebra/Field_as_Ring.thy,Computational_Algebra,0,0,0,0
Corec_Examples/Paper_Examples.thy,Corec_Examples,0,0,0,0
Corec_Examples/Tests/GPV_Bare_Bones.thy,Corec_Examples,0,0,0,1
Corec_Examples/Tests/Merge_A.thy,Corec_Examples,0,0,0,1
Corec_Examples/Tests/Merge_B.thy,Corec_Examples,0,0,0,1
Corec_Examples/Tests/Merge_C.thy,Corec_Examples,0,0,0,1
Corec_Examples/Tests/Merge_D.thy,Corec_Examples,0,0,0,1
Corec_Examples/Tests/Merge_Poly.thy,Corec_Examples,0,0,0,1
Corec_Examples/Tests/Misc_Mono.thy,Corec_Examples,1,0,1,1
Corec_Examples/Tests/Misc_Poly.thy,Corec_Examples,0,0,0,1
Corec_Examples/Tests/Simple_Nesting.thy,Corec_Examples,0,0,0,0
Corec_Examples/Tests/Small_Concrete.thy,Corec_Examples,3,0,3,1
Corec_Examples/Tests/Stream_Friends.thy,Corec_Examples,0,0,0,1
Corec_Examples/Tests/TLList_Friends.thy,Corec_Examples,0,0,0,1
Corec_Examples/Tests/Type_Class.thy,Corec_Examples,0,0,0,1
Data_Structures/Array_Specs.thy,Data_Structures,0,0,0,0
Data_Structures/Heaps.thy,Data_Structures,0,0,0,0
Data_Structures/Less_False.thy,Data_Structures,0,0,0,0
Data_Structures/Map_Specs.thy,Data_Structures,0,0,0,0
Data_Structures/Priority_Queue_Specs.thy,Data_Structures,0,0,0,0
Data_Structures/Queue_Spec.thy,Data_Structures,0,0,0,0
Data_Structures/RBT.thy,Data_Structures,0,0,0,0
Data_Structures/Set_Specs.thy,Data_Structures,0,0,0,0
Data_Structures/Tree234.thy,Data_Structures,0,0,0,0
Datatype_Examples/Compat.thy,Datatype_Examples,0,0,0,0
Datatype_Examples/Misc_Codatatype.thy,Datatype_Examples,0,0,0,0
Datatype_Examples/Misc_Datatype.thy,Datatype_Examples,0,0,0,0
Datatype_Examples/Misc_Primcorec.thy,Datatype_Examples,0,0,0,0
Datatype_Examples/Misc_Primrec.thy,Datatype_Examples,0,0,0,0
Decision_Procs/Decision_Procs.thy,Decision_Procs,0,0,0,0
Eisbach/Eisbach.thy,Eisbach,0,0,0,0
Eisbach/Eisbach_Old_Appl_Syntax.thy,Eisbach,0,0,0,0
Eisbach/Eisbach_Tools.thy,Eisbach,0,0,0,0
Examples/Commands.thy,Examples,0,0,0,0
Examples/Drinker.thy,Examples,2,0,2,0
Examples/ML.thy,Examples,0,0,0,0
Examples/Peirce.thy,Examples,2,0,2,0
Fun_Def_Base.thy,.,0,0,0,0
HOLCF/HOLCF.thy,HOLCF,0,0,0,0
HOLCF/IMP/HoareEx.thy,HOLCF,1,0,1,0
HOLCF/IOA/ABP/Abschannel.thy,HOLCF,0,0,0,0
HOLCF/IOA/ABP/Abschannel_finite.thy,HOLCF,0,0,0,0
HOLCF/IOA/ABP/Action.thy,HOLCF,0,0,0,0
HOLCF/IOA/ABP/Env.thy,HOLCF,0,0,0,0
HOLCF/IOA/ABP/Impl.thy,HOLCF,0,0,0,0
HOLCF/IOA/ABP/Impl_finite.thy,HOLCF,0,0,0,0
HOLCF/IOA/ABP/Packet.thy,HOLCF,0,0,0,0
HOLCF/IOA/ABP/Receiver.thy,HOLCF,0,0,0,0
HOLCF/IOA/ABP/Sender.thy,HOLCF,0,0,0,0
HOLCF/IOA/ABP/Spec.thy,HOLCF,0,0,0,0
HOLCF/IOA/Deadlock.thy,HOLCF,2,0,2,0
HOLCF/IOA/IOA.thy,HOLCF,0,0,0,0
HOLCF/IOA/NTP/Action.thy,HOLCF,0,0,0,0
HOLCF/IOA/NTP/Correctness.thy,HOLCF,2,0,2,0
HOLCF/IOA/NTP/Overview.thy,HOLCF,0,0,0,0
HOLCF/IOA/NTP/Spec.thy,HOLCF,0,0,0,0
HOLCF/IOA/Pred.thy,HOLCF,0,0,0,0
HOLCF/IOA/ShortExecutions.thy,HOLCF,15,0,15,0
HOLCF/IOA/SimCorrectness.thy,HOLCF,14,0,14,0
HOLCF/IOA/Storage/Correctness.thy,HOLCF,2,0,2,0
HOLCF/IOA/Storage/Spec.thy,HOLCF,0,0,0,0
HOLCF/IOA/ex/TrivEx.thy,HOLCF,2,0,2,0
HOLCF/IOA/ex/TrivEx2.thy,HOLCF,4,0,4,0
HOLCF/Library/Char_Discrete.thy,HOLCF,0,0,0,0
HOLCF/Library/HOLCF_Library.thy,HOLCF,0,0,0,0
HOLCF/Library/HOL_Cpo.thy,HOLCF,0,0,0,0
HOLCF/Library/Int_Discrete.thy,HOLCF,0,0,0,0
HOLCF/Library/Nat_Discrete.thy,HOLCF,0,0,0,0
HOLCF/README.thy,HOLCF,0,0,0,0
HOLCF/Tutorial/New_Domain.thy,HOLCF,1,0,1,0
HOLCF/ex/Dagstuhl.thy,HOLCF,9,0,9,0
HOLCF/ex/Dnat.thy,HOLCF,5,0,5,0
HOLCF/ex/Fix2.thy,HOLCF,2,0,2,0
HOLCF/ex/Focus_ex.thy,HOLCF,7,0,7,0
HOLCF/ex/Letrec.thy,HOLCF,0,0,0,0
HOLCF/ex/Loop.thy,HOLCF,14,0,14,0
Hahn_Banach/Hahn_Banach_Lemmas.thy,Hahn_Banach,0,0,0,0
Hahn_Banach/Hahn_Banach_Sup_Lemmas.thy,Hahn_Banach,10,0,10,0
Hahn_Banach/Linearform.thy,Hahn_Banach,3,0,3,0
Hahn_Banach/Normed_Space.thy,Hahn_Banach,4,0,4,0
Hoare/Arith2.thy,Hoare,10,0,10,0
Hoare/Hoare_Syntax.thy,Hoare,0,0,0,0
Hoare/Pointer_ExamplesAbort.thy,Hoare,1,0,1,0
Hoare/README.thy,Hoare,0,0,0,0
Hoare_Parallel/Gar_Coll.thy,Hoare_Parallel,28,0,28,0
Hoare_Parallel/Graph.thy,Hoare_Parallel,17,0,17,0
Hoare_Parallel/Hoare_Parallel.thy,Hoare_Parallel,0,0,0,0
Hoare_Parallel/Mul_Gar_Coll.thy,Hoare_Parallel,35,0,35,0
Hoare_Parallel/OG_Com.thy,Hoare_Parallel,0,0,0,0
Hoare_Parallel/OG_Hoare.thy,Hoare_Parallel,21,0,21,0
Hoare_Parallel/OG_Syntax.thy,Hoare_Parallel,0,0,0,0
Hoare_Parallel/OG_Tran.thy,Hoare_Parallel,17,0,17,0
Hoare_Parallel/Quote_Antiquote.thy,Hoare_Parallel,0,0,0,0
Hoare_Parallel/RG_Com.thy,Hoare_Parallel,0,0,0,0
Hoare_Parallel/RG_Syntax.thy,Hoare_Parallel,0,0,0,0
Homology/Homology.thy,Homology,0,0,0,0
IMP/ASM.thy,IMP,2,0,2,0
IMP/Abs_Int1_parity.thy,IMP,0,0,0,0
IMP/Abs_Int_Tests.thy,IMP,0,0,0,0
IMP/Abs_Int_init.thy,IMP,0,0,0,0
IMP/BExp.thy,IMP,4,0,4,0
IMP/C_like.thy,IMP,0,0,0,0
IMP/Com.thy,IMP,0,0,0,0
IMP/Def_Init_Small.thy,IMP,4,0,4,0
IMP/Halting.thy,IMP,2,0,2,0
IMP/OO.thy,IMP,0,0,0,0
IMP/Poly_Types.thy,IMP,3,0,3,0
IMP/Procs.thy,IMP,0,0,0,0
IMP/Procs_Dyn_Vars_Dyn.thy,IMP,0,0,0,0
IMP/Procs_Stat_Vars_Dyn.thy,IMP,0,0,0,0
IMP/Procs_Stat_Vars_Stat.thy,IMP,0,0,0,0
IMP/Sec_Typing.thy,IMP,7,0,7,0
IMP/VCG_Total_EX.thy,IMP,1,0,1,0
IMPP/Com.thy,IMPP,2,0,2,0
IMPP/EvenOdd.thy,IMPP,8,0,8,0
IMPP/Hoare.thy,IMPP,38,0,38,0
IMPP/Misc.thy,IMPP,15,0,15,0
IMPP/Natural.thy,IMPP,8,0,8,0
IOA/Asig.thy,IOA,2,0,2,0
IOA/IOA.thy,IOA,18,0,18,0
Imperative_HOL/Imperative_HOL.thy,Imperative_HOL,0,0,0,0
Imperative_HOL/Imperative_HOL_ex.thy,Imperative_HOL,0,0,0,0
Imperative_HOL/Overview.thy,Imperative_HOL,0,0,0,0
Import/HOL_Light_Import.thy,Import,0,0,0,0
Import/Import_Setup.thy,Import,0,0,0,0
Induct/Common_Patterns.thy,Induct,12,0,12,1
Induct/Ordinals.thy,Induct,0,0,0,0
Induct/Sigma_Algebra.thy,Induct,2,0,2,0
Isar_Examples/Expr_Compiler.thy,Isar_Examples,5,0,4,0
Isar_Examples/Group_Context.thy,Isar_Examples,4,0,4,0
Isar_Examples/Group_Notepad.thy,Isar_Examples,0,0,0,0
Isar_Examples/Puzzle.thy,Isar_Examples,1,0,1,0
Isar_Examples/Structured_Statements.thy,Isar_Examples,0,0,0,0
Isar_Examples/Summation.thy,Isar_Examples,4,0,4,0
Library/BNF_Axiomatization.thy,Library,0,0,0,0
Library/Code_Prolog.thy,Library,0,0,0,0
Library/Code_Target_Numeral.thy,Library,0,0,0,0
Library/Datatype_Records.thy,Library,0,0,0,0
Library/LaTeXsugar.thy,Library,0,0,0,0
Library/Library.thy,Library,0,0,0,0
Library/Monad_Syntax.thy,Library,0,0,0,0
Library/Open_State_Syntax.thy,Library,0,0,0,0
Library/OptionalSugar.thy,Library,0,0,0,0
Library/Predicate_Compile_Quickcheck.thy,Library,0,0,0,0
Library/Quotient_Syntax.thy,Library,0,0,0,0
Library/README.thy,Library,0,0,0,0
Library/Realizers.thy,Library,0,0,0,0
Library/Reflection.thy,Library,0,0,0,0
Library/Refute.thy,Library,0,0,0,0
Library/Simps_Case_Conv.thy,Library,0,0,0,0
Library/Sum_of_Squares.thy,Library,0,0,0,0
Library/Time_Commands.thy,Library,0,0,0,0
Main.thy,.,0,0,0,0
Matrix_LP/Compute_Oracle/Compute_Oracle.thy,Matrix_LP,0,0,0,0
Matrix_LP/LP.thy,Matrix_LP,5,0,5,0
Metis_Examples/Binary_Tree.thy,Metis_Examples,22,0,22,0
Metis_Examples/Sledgehammer_Isar_Proofs.thy,Metis_Examples,0,0,0,0
Metis_Examples/Trans_Closure.thy,Metis_Examples,3,0,3,0
MicroJava/BV/Altern.thy,MicroJava,3,0,3,0
MicroJava/Comp/TranslComp.thy,MicroJava,0,0,0,0
MicroJava/DFA/Abstract_BV.thy,MicroJava,0,0,0,0
MicroJava/DFA/Semilattices.thy,MicroJava,0,0,0,0
MicroJava/DFA/Typing_Framework.thy,MicroJava,0,0,0,0
MicroJava/J/Decl.thy,MicroJava,1,0,1,0
MicroJava/J/SystemClasses.thy,MicroJava,0,0,0,0
MicroJava/J/Term.thy,MicroJava,0,0,0,0
MicroJava/J/Type.thy,MicroJava,0,0,0,0
MicroJava/J/Value.thy,MicroJava,0,0,0,0
MicroJava/JVM/JVMExec.thy,MicroJava,0,0,0,0
MicroJava/JVM/JVMExecInstr.thy,MicroJava,0,0,0,0
MicroJava/JVM/JVMInstructions.thy,MicroJava,0,0,0,0
MicroJava/JVM/JVMState.thy,MicroJava,1,0,1,0
MicroJava/MicroJava.thy,MicroJava,0,0,0,0
Mirabelle.thy,.,0,0,0,0
Mutabelle/MutabelleExtra.thy,Mutabelle,0,0,0,0
NanoJava/Decl.thy,NanoJava,1,0,1,0
NanoJava/Term.thy,NanoJava,0,0,0,0
Nitpick_Examples/Datatype_Nits.thy,Nitpick_Examples,14,0,0,1
Nitpick_Examples/Hotel_Nits.thy,Nitpick_Examples,1,0,0,1
Nitpick_Examples/Induct_Nits.thy,Nitpick_Examples,21,0,0,1
Nitpick_Examples/Integer_Nits.thy,Nitpick_Examples,44,0,0,1
Nitpick_Examples/Mini_Nits.thy,Nitpick_Examples,0,0,0,0
Nitpick_Examples/Mono_Nits.thy,Nitpick_Examples,0,0,0,0
Nitpick_Examples/Nitpick_Examples.thy,Nitpick_Examples,0,0,0,0
Nitpick_Examples/Pattern_Nits.thy,Nitpick_Examples,21,0,0,1
Nitpick_Examples/Record_Nits.thy,Nitpick_Examples,15,0,0,1
Nitpick_Examples/Tests_Nits.thy,Nitpick_Examples,0,0,0,0
Nominal/Examples/Lambda_mu.thy,Nominal,0,0,0,0
Nonstandard_Analysis/Hypercomplex.thy,Nonstandard_Analysis,0,0,0,0
Nonstandard_Analysis/Hyperreal.thy,Nonstandard_Analysis,0,0,0,0
Nonstandard_Analysis/Nonstandard_Analysis.thy,Nonstandard_Analysis,0,0,0,0
Number_Theory/Number_Theory.thy,Number_Theory,0,0,0,0
Nunchaku.thy,.,0,0,0,0
Predicate_Compile_Examples/Code_Prolog_Examples.thy,Predicate_Compile_Examples,0,0,0,0
Predicate_Compile_Examples/IMP_1.thy,Predicate_Compile_Examples,1,0,0,1
Predicate_Compile_Examples/IMP_2.thy,Predicate_Compile_Examples,1,0,0,1
Predicate_Compile_Examples/IMP_3.thy,Predicate_Compile_Examples,1,0,0,1
Predicate_Compile_Examples/IMP_4.thy,Predicate_Compile_Examples,1,0,0,1
Predicate_Compile_Examples/List_Examples.thy,Predicate_Compile_Examples,1,0,0,1
Predicate_Compile_Examples/Reg_Exp_Example.thy,Predicate_Compile_Examples,7,0,0,1
Probability/Central_Limit_Theorem.thy,Probability,2,0,2,0
Probability/Probability.thy,Probability,0,0,0,0
Prolog/Func.thy,Prolog,0,0,0,0
Prolog/HOHH.thy,Prolog,0,0,0,0
Prolog/Type.thy,Prolog,0,0,0,1
Proofs/Extraction/Higman_Extraction.thy,Proofs,0,0,0,0
Proofs/Extraction/Pigeonhole.thy,Proofs,2,0,2,0
Proofs/Extraction/Util.thy,Proofs,3,0,3,0
Proofs/Lambda/ListOrder.thy,Proofs,12,0,12,0
Proofs/ex/Hilbert_Classical.thy,Proofs,3,0,3,0
Proofs/ex/Proof_Terms.thy,Proofs,2,0,1,0
Quickcheck_Examples/Quickcheck_Interfaces.thy,Quickcheck_Examples,0,0,0,0
Quickcheck_Examples/Quickcheck_Nesting.thy,Quickcheck_Examples,0,0,0,0
Quickcheck_Examples/Quickcheck_Nesting_Example.thy,Quickcheck_Examples,1,0,0,1
Quickcheck_Exhaustive.thy,.,0,0,0,0
Quotient_Examples/Lift_DList.thy,Quotient_Examples,0,0,0,0
Quotient_Examples/Lift_Fun.thy,Quotient_Examples,1,0,1,0
Quotient_Examples/Lift_Set.thy,Quotient_Examples,0,0,0,0
Quotient_Examples/Lifting_Code_Dt_Test.thy,Quotient_Examples,0,0,0,0
Quotient_Examples/Quotient_Rat.thy,Quotient_Examples,1,0,1,0
Random_Sequence.thy,.,0,0,0,0
Real_Asymp/Eventuallize.thy,Real_Asymp,0,0,0,0
Real_Asymp/Inst_Existentials.thy,Real_Asymp,0,0,0,0
Real_Asymp/Real_Asymp.thy,Real_Asymp,0,0,0,0
Real_Asymp/Real_Asymp_Approx.thy,Real_Asymp,1,0,1,0
SAT.thy,.,0,0,0,0
SET_Protocol/SET_Protocol.thy,SET_Protocol,0,0,0,0
SMT_Examples/Boogie.thy,SMT_Examples,0,0,0,0
SPARK/Examples/Gcd/Greatest_Common_Divisor.thy,SPARK,0,0,0,0
SPARK/Examples/RIPEMD-160/F.thy,SPARK,0,0,0,0
SPARK/Examples/RIPEMD-160/K_L.thy,SPARK,0,0,0,0
SPARK/Examples/RIPEMD-160/K_R.thy,SPARK,0,0,0,0
SPARK/Examples/RIPEMD-160/RMD.thy,SPARK,0,0,0,0
SPARK/Examples/RIPEMD-160/RMD_Specification.thy,SPARK,0,0,0,0
SPARK/Examples/RIPEMD-160/R_L.thy,SPARK,0,0,0,0
SPARK/Examples/RIPEMD-160/R_R.thy,SPARK,0,0,0,0
SPARK/Examples/RIPEMD-160/S_L.thy,SPARK,0,0,0,0
SPARK/Examples/RIPEMD-160/S_R.thy,SPARK,0,0,0,0
SPARK/Examples/Sqrt/Sqrt.thy,SPARK,0,0,0,0
SPARK/Manual/Complex_Types.thy,SPARK,0,0,0,0
SPARK/Manual/Proc2.thy,SPARK,0,0,0,0
SPARK/Manual/Simple_Greatest_Common_Divisor.thy,SPARK,0,0,0,0
SPARK/Manual/VC_Principles.thy,SPARK,0,0,0,0
Sledgehammer.thy,.,0,0,0,0
Statespace/StateSpaceSyntax.thy,Statespace,0,0,0,0
TLA/Memory/MemClerkParameters.thy,TLA,0,0,0,0
TLA/Memory/RPCMemoryParams.thy,TLA,0,0,0,0
TLA/Memory/RPCParameters.thy,TLA,0,0,0,0
TLA/README.thy,TLA,0,0,0,0
TLA/Stfun.thy,TLA,7,0,7,0
TPTP/ATP_Problem_Import.thy,TPTP,0,0,0,0
TPTP/ATP_Theory_Export.thy,TPTP,0,0,0,0
TPTP/MaSh_Eval.thy,TPTP,0,0,0,0
TPTP/MaSh_Export.thy,TPTP,0,0,0,0
TPTP/MaSh_Export_Base.thy,TPTP,0,0,0,0
TPTP/TPTP_Interpret.thy,TPTP,0,0,0,0
TPTP/TPTP_Interpret_Test.thy,TPTP,0,0,0,0
TPTP/TPTP_Parser.thy,TPTP,0,0,0,0
TPTP/TPTP_Parser_Example.thy,TPTP,0,0,0,0
TPTP/TPTP_Parser_Test.thy,TPTP,0,0,0,0
TPTP/TPTP_Test.thy,TPTP,0,0,0,0
Try0.thy,.,0,0,0,0
Try0_HOL.thy,.,0,0,0,0
Typedef.thy,.,8,0,8,0
Types_To_Sets/Examples/Unoverload_Def.thy,Types_To_Sets,0,0,0,0
Types_To_Sets/Types_To_Sets.thy,Types_To_Sets,0,0,0,0
UNITY/Comp/Handshake.thy,UNITY,4,0,4,0
UNITY/Comp/README_Comp.thy,UNITY,0,0,0,0
UNITY/Comp/TimerArray.thy,UNITY,3,0,3,0
UNITY/README.thy,UNITY,0,0,0,0
UNITY/Simple/Network.thy,UNITY,1,0,1,0
UNITY/Simple/README_Simple.thy,UNITY,0,0,0,0
UNITY/UNITY_Main.thy,UNITY,0,0,0,0
ZF/MainZF.thy,ZF,0,0,0,0
ex/Antiquote.thy,ex,0,0,0,0
ex/Case_Product.thy,ex,0,0,0,0
ex/Code_Timing.thy,ex,0,0,0,0
ex/Coercion_Examples.thy,ex,0,0,0,0
ex/Computations.thy,ex,0,0,0,0
ex/Conditional_Parametricity_Examples.thy,ex,0,0,0,0
ex/Cubic_Quartic.thy,ex,5,0,5,0
ex/MonoidGroup.thy,ex,0,0,0,0
ex/Multiquote.thy,ex,0,0,0,0
ex/Sketch_and_Explore.thy,ex,0,0,0,0
ex/Sorting_Algorithms_Examples.thy,ex,0,0,0,0
ex/Sudoku.thy,ex,8,0,0,1
ex/Termination.thy,ex,0,0,0,0
ex/Transitive_Closure_Table_Ex.thy,ex,0,0,0,0
ex/While_Combinator_Example.thy,ex,2,0,2,0
