rel,loc,goals,isar,apply,by,bad,isar_ratio,quality
Algebra/Algebraic_Closure.thy,1015,42,537,0,247,0,1.0,1.0
Algebra/Algebraic_Closure_Type.thy,625,32,215,0,124,0,1.0,1.0
Algebra/Chinese_Remainder.thy,511,43,172,0,107,0,1.0,1.0
Algebra/Congruence.thy,458,53,78,0,74,0,1.0,1.0
Algebra/Embedded_Algebras.thy,1776,104,865,0,420,0,1.0,1.0
Algebra/Finite_Extensions.thy,744,58,324,0,149,0,1.0,1.0
Algebra/Indexed_Polynomials.thy,549,32,216,0,105,0,1.0,1.0
Algebra/Left_Coset.thy,139,12,40,0,29,0,1.0,1.0
Algebra/Polynomial_Divisibility.thy,2272,109,1101,0,470,0,1.0,1.0
Algebra/Ring_Divisibility.thy,930,48,460,0,219,0,1.0,1.0
Algebra/SimpleGroups.thy,96,5,52,0,22,0,1.0,1.0
Algebra/SndIsomorphismGrp.thy,207,9,135,0,52,0,1.0,1.0
Algebra/Solvable_Groups.thy,165,12,49,0,29,0,1.0,1.0
Algebra/Sylow.thy,339,51,88,0,69,0,1.0,1.0
Algebra/Sym_Groups.thy,571,42,243,0,132,0,1.0,1.0
Algebra/Weak_Morphisms.thy,499,43,151,0,89,0,1.0,1.0
Analysis/Abstract_Limits.thy,387,54,84,0,73,0,1.0,1.0
Analysis/Ball_Volume.thy,331,11,152,0,71,0,1.0,1.0
Analysis/Connected.thy,671,76,194,0,138,0,1.0,1.0
Analysis/Euclidean_Space.thy,416,41,93,0,74,0,1.0,1.0
Analysis/FPS_Convergence.thy,1156,104,558,0,266,0,1.0,1.0
Analysis/Generalised_Binomial_Theorem.thy,257,11,171,0,75,0,1.0,1.0
Analysis/Harmonic_Numbers.thy,544,34,313,0,142,0,1.0,1.0
Analysis/Inner_Product.thy,449,69,49,0,69,0,1.0,1.0
Analysis/Integral_Test.thy,114,6,60,0,22,0,1.0,1.0
Analysis/L2_Norm.thy,134,18,39,0,25,0,1.0,1.0
Analysis/Measurable.thy,640,59,203,0,107,0,1.0,1.0
Analysis/Metric_Arith.thy,115,12,15,0,12,0,1.0,1.0
Analysis/Operator_Norm.thy,250,21,105,0,52,0,1.0,1.0
Analysis/Simplex_Content.thy,265,10,148,0,71,0,1.0,1.0
Analysis/Starlike.thy,6616,121,1347,0,638,0,1.0,1.0
Analysis/Uncountable_Sets.thy,122,12,37,0,26,0,1.0,1.0
Auth/Event.thy,270,38,1,0,29,0,1.0,1.0
Auth/Guard/README_Guard.thy,58,3,5,0,0,0,1.0,1.0
BNF_Cardinal_Arithmetic.thy,815,119,281,0,199,0,1.0,1.0
BNF_Fixpoint_Base.thy,299,71,26,0,74,0,1.0,1.0
BNF_Wellorder_Relation.thy,555,40,229,0,121,0,1.0,1.0
Bali/DefiniteAssignment.thy,1828,49,810,0,283,0,1.0,1.0
Binomial_Plus.thy,419,34,343,0,125,0,1.0,1.0
Cardinals/Fun_More.thy,92,11,6,0,13,0,1.0,1.0
Cardinals/Order_Relation_More.thy,630,59,296,0,145,0,1.0,1.0
Cardinals/Order_Union.thy,193,15,72,0,44,0,1.0,1.0
Cardinals/Ordinal_Arithmetic.thy,1674,143,996,0,479,0,1.0,1.0
Cardinals/Wellfounded_More.thy,50,2,12,0,5,0,1.0,1.0
Cardinals/Wellorder_Embedding.thy,129,16,19,0,25,0,1.0,1.0
Codegenerator_Test/Candidates.thy,67,1,1,0,1,0,1.0,1.0
Combinatorics/Cycles.thy,564,28,329,0,128,0,1.0,1.0
Combinatorics/List_Permutation.thy,143,30,11,0,34,0,1.0,1.0
Combinatorics/Orbits.thy,594,60,300,0,143,0,1.0,1.0
Combinatorics/Permutations.thy,2334,192,1149,0,507,0,1.0,1.0
Combinatorics/Stirling.thy,308,21,154,0,63,0,1.0,1.0
Combinatorics/Transposition.thy,204,45,6,0,46,0,1.0,1.0
Complex_Analysis/Weierstrass_Factorization.thy,1604,31,1018,0,397,0,1.0,1.0
Computational_Algebra/Factorial_Ring.thy,2319,220,1324,0,576,0,1.0,1.0
Computational_Algebra/Formal_Laurent_Series.thy,4679,585,1235,0,897,0,1.0,1.0
Computational_Algebra/Fraction_Field.thy,476,35,230,0,108,0,1.0,1.0
Computational_Algebra/Normalized_Fraction.thy,445,50,137,0,75,0,1.0,1.0
Computational_Algebra/Nth_Powers.thy,327,39,119,0,67,0,1.0,1.0
Computational_Algebra/Polynomial_FPS.thy,361,51,70,0,67,0,1.0,1.0
Computational_Algebra/Polynomial_Factorial.thy,754,55,391,0,183,0,1.0,1.0
Computational_Algebra/Squarefree.thy,364,49,166,0,82,0,1.0,1.0
Data_Structures/AVL_Bal_Set.thy,194,15,43,0,18,0,1.0,1.0
Data_Structures/AVL_Map.thy,187,4,154,0,30,0,1.0,1.0
Data_Structures/AVL_Set_Code.thy,108,6,6,0,5,0,1.0,1.0
Data_Structures/Balance.thy,248,28,96,0,58,0,1.0,1.0
Data_Structures/Base_FDS.thy,24,2,3,0,1,0,1.0,1.0
Data_Structures/Braun_Tree.thy,183,15,97,0,43,0,1.0,1.0
Data_Structures/Heaps.thy,94,2,45,0,14,0,1.0,1.0
Data_Structures/Leftist_Heap.thy,202,21,46,0,32,0,1.0,1.0
Data_Structures/Map_Specs.thy,78,1,19,0,6,0,1.0,1.0
Data_Structures/Queue_2Lists.thy,78,2,25,0,10,0,1.0,1.0
Data_Structures/RBT_Map.thy,130,10,40,0,20,0,1.0,1.0
Data_Structures/RBT_Set.thy,337,50,40,0,63,0,1.0,1.0
Data_Structures/Selection.thy,1074,78,495,0,237,0,1.0,1.0
Data_Structures/Set2_Join.thy,376,23,214,0,68,0,1.0,1.0
Data_Structures/Set2_Join_RBT.thy,246,27,76,0,32,0,1.0,1.0
Data_Structures/Set_Specs.thy,96,1,22,0,7,0,1.0,1.0
Data_Structures/Sorting.thy,436,44,155,0,79,0,1.0,1.0
Data_Structures/Time_Locale_Example.thy,166,8,77,0,26,0,1.0,1.0
Data_Structures/Tree234_Map.thy,179,10,22,0,15,0,1.0,1.0
Data_Structures/Tree23_Map.thy,142,10,25,0,17,0,1.0,1.0
Data_Structures/Tree_Map.thy,59,3,14,0,7,0,1.0,1.0
Data_Structures/Tree_Set.thy,120,6,28,0,14,0,1.0,1.0
Data_Structures/Trie_Fun.thy,68,4,13,0,8,0,1.0,1.0
Data_Structures/Trie_Ternary.thy,114,7,32,0,13,0,1.0,1.0
Datatype_Examples/Datatype_Simproc_Tests.thy,49,4,4,0,6,0,1.0,1.0
Datatype_Examples/Koenig.thy,123,14,16,0,19,0,1.0,1.0
Datatype_Examples/Lambda_Term.thy,51,3,4,0,3,0,1.0,1.0
Datatype_Examples/Milner_Tofte.thy,134,3,12,0,5,0,1.0,1.0
Datatype_Examples/Process.thy,272,15,43,0,24,0,1.0,1.0
Datatype_Examples/Stream_Processor.thy,213,13,50,0,17,0,1.0,1.0
Datatype_Examples/TreeFI.thy,47,2,12,0,3,0,1.0,1.0
Decision_Procs/Approximation.thy,1188,33,331,0,130,0,1.0,1.0
Decision_Procs/Commutative_Ring.thy,962,41,140,0,72,0,1.0,1.0
Decision_Procs/Conversions.thy,840,7,6,0,7,0,1.0,1.0
Decision_Procs/Cooper.thy,2608,119,1095,0,510,0,1.0,1.0
Decision_Procs/DP_Library.thy,41,4,13,0,8,0,1.0,1.0
Decision_Procs/Dense_Linear_Order.thy,882,90,139,0,126,0,1.0,1.0
Decision_Procs/Ferrack.thy,2527,120,1215,0,555,0,1.0,1.0
Decision_Procs/Polynomial_List.thy,1033,62,228,0,117,0,1.0,1.0
Decision_Procs/Rat_Pair.thy,590,42,296,0,134,0,1.0,1.0
Euclidean_Rings.thy,2747,231,1329,0,606,0,1.0,1.0
Examples/Ackermann.thy,174,8,20,0,16,0,1.0,1.0
Examples/Cantor.thy,137,8,63,0,11,0,1.0,1.0
Examples/Drinker.thy,53,2,32,0,4,0,1.0,1.0
Examples/Knaster_Tarski.thy,113,3,54,0,4,0,1.0,1.0
Examples/Peirce.thy,87,2,37,0,4,0,1.0,1.0
Examples/Sqrt.thy,105,4,81,0,33,0,1.0,1.0
Extraction.thy,412,9,28,0,10,0,1.0,1.0
Fields.thy,1331,204,399,0,293,0,1.0,1.0
Finite_Set.thy,3079,275,1416,0,630,0,1.0,1.0
Groups.thy,1508,213,384,0,320,0,1.0,1.0
Groups_List.thy,713,31,40,0,35,0,1.0,1.0
HOL.thy,2204,272,248,0,294,0,1.0,1.0
HOLCF/Compact_Basis.thy,122,13,32,0,21,0,1.0,1.0
HOLCF/IOA/ABP/Lemmas.thy,45,7,1,0,7,0,1.0,1.0
HOLCF/IOA/NTP/Receiver.thy,97,2,2,0,1,0,1.0,1.0
HOLCF/IOA/NTP/Sender.thy,93,2,2,0,1,0,1.0,1.0
HOLCF/IOA/Storage/Impl.thy,40,1,2,0,1,0,1.0,1.0
HOLCF/Tutorial/Fixrec_ex.thy,245,9,5,0,11,0,1.0,1.0
Hahn_Banach/Bounds.thy,61,4,37,0,2,0,1.0,1.0
Hahn_Banach/Function_Norm.thy,279,8,150,0,38,0,1.0,1.0
Hahn_Banach/Function_Order.thy,139,10,18,0,14,0,1.0,1.0
Hahn_Banach/Hahn_Banach_Ext_Lemmas.thy,277,4,215,0,61,0,1.0,1.0
Hahn_Banach/Hahn_Banach_Sup_Lemmas.thy,440,12,304,0,58,0,1.0,1.0
Hahn_Banach/Linearform.thy,61,3,31,0,13,0,1.0,1.0
Hahn_Banach/Normed_Space.thy,113,4,49,0,15,0,1.0,1.0
Hahn_Banach/Subspace.thy,504,28,338,0,99,0,1.0,1.0
Hahn_Banach/Vector_Space.thy,378,40,287,0,99,0,1.0,1.0
Hahn_Banach/Zorn_Lemma.thy,53,2,27,0,5,0,1.0,1.0
Hilbert_Choice.thy,1286,123,644,0,325,0,1.0,1.0
IMP/Abs_Int1_const.thy,146,1,49,0,16,0,1.0,1.0
IMP/Collecting1.thy,45,4,15,0,7,0,1.0,1.0
IMP/Compiler.thy,262,14,37,0,24,0,1.0,1.0
IMP/Compiler2.thy,633,50,243,0,107,0,1.0,1.0
IMP/Def_Init_Big.thy,69,3,26,0,9,0,1.0,1.0
IMP/Denotational.thy,172,14,102,0,34,0,1.0,1.0
IMP/Fold.thy,206,12,93,0,50,0,1.0,1.0
IMP/Halting.thy,69,2,22,0,7,0,1.0,1.0
IMP/Hoare_Sound_Complete.thy,86,11,31,0,16,0,1.0,1.0
IMP/Live.thy,268,16,141,0,77,0,1.0,1.0
IMP/Live_True.thy,208,16,103,0,45,0,1.0,1.0
IMP/Sem_Equiv.thy,157,21,33,0,33,0,1.0,1.0
IMP/Star.thy,31,3,7,0,2,0,1.0,1.0
IMP/VCG.thy,130,5,64,0,18,0,1.0,1.0
IMP/VCG_Total_EX.thy,74,1,8,0,1,0,1.0,1.0
IMP/VCG_Total_EX2.thy,156,6,66,0,18,0,1.0,1.0
Imperative_HOL/Ref.thy,323,47,1,0,47,0,1.0,1.0
Imperative_HOL/ex/Imperative_Reverse.thy,119,5,41,0,12,0,1.0,1.0
Induct/Comb.thy,202,16,27,0,19,0,1.0,1.0
Induct/Nested_Datatype.thy,62,4,18,0,7,0,1.0,1.0
Induct/PropLog.thy,286,29,48,0,36,0,1.0,1.0
Induct/QuoDataType.thy,439,49,78,0,68,0,1.0,1.0
Induct/QuoNestedDataType.thy,450,44,92,0,67,0,1.0,1.0
Induct/Sigma_Algebra.thy,49,2,18,0,7,0,1.0,1.0
Inequalities.thy,38,2,11,0,5,0,1.0,1.0
Isar_Examples/Expr_Compiler.thy,238,5,115,0,30,0,1.0,1.0
Isar_Examples/Fibonacci.thy,170,9,108,0,35,0,1.0,1.0
Isar_Examples/Group.thy,258,9,100,0,42,0,1.0,1.0
Isar_Examples/Group_Context.thy,95,4,56,0,22,0,1.0,1.0
Isar_Examples/Mutilated_Checkerboard.thy,291,21,172,0,58,0,1.0,1.0
Isar_Examples/Puzzle.thy,76,1,67,0,13,0,1.0,1.0
Isar_Examples/Summation.thy,143,5,57,0,20,0,1.0,1.0
Lattice/Bounds.thy,330,26,205,0,35,0,1.0,1.0
Lattice/CompleteLattice.thy,453,33,286,0,46,0,1.0,1.0
Lattice/Lattice.thy,633,42,446,0,77,0,1.0,1.0
Lattice/Orders.thy,300,17,165,0,24,0,1.0,1.0
Lattices.thy,708,111,73,0,140,0,1.0,1.0
Lazy_Sequence.thy,335,24,5,0,28,0,1.0,1.0
Library/Cardinality.thy,398,24,92,0,71,0,1.0,1.0
Library/Centered_Division.thy,179,28,28,0,36,0,1.0,1.0
Library/Code_Abstract_Char.thy,191,21,40,0,31,0,1.0,1.0
Library/Code_Abstract_Nat.thy,133,4,5,0,6,0,1.0,1.0
Library/Code_Cardinality.thy,150,9,27,0,15,0,1.0,1.0
Library/Code_Real_Approx_By_Float.thy,187,6,6,0,11,0,1.0,1.0
Library/Code_Target_Int.thy,217,38,6,0,39,0,1.0,1.0
Library/Combine_PER.thy,55,9,11,0,11,0,1.0,1.0
Library/Countable.thy,330,15,71,0,47,0,1.0,1.0
Library/Countable_Complete_Lattices.thy,278,57,31,0,68,0,1.0,1.0
Library/Countable_Set_Type.thy,629,281,52,0,64,0,1.0,1.0
Library/DAList.thy,230,12,5,0,21,0,1.0,1.0
Library/Diagonal_Subsequence.thy,114,16,40,0,21,0,1.0,1.0
Library/Dual_Ordered_Lattice.thy,405,39,40,0,63,0,1.0,1.0
Library/Extended_Nat.thy,670,96,67,0,113,0,1.0,1.0
Library/Finite_Lattice.thy,299,27,34,0,41,0,1.0,1.0
Library/Fun_Lexorder.thy,96,7,71,0,29,0,1.0,1.0
Library/Function_Algebras.thy,233,12,19,0,36,0,1.0,1.0
Library/Going_To_Filter.thy,127,19,5,0,18,0,1.0,1.0
Library/Groups_Big_Fun.thy,295,21,107,0,54,0,1.0,1.0
Library/IArray.thy,235,20,13,0,24,0,1.0,1.0
Library/Indicator_Function.thy,214,35,45,0,45,0,1.0,1.0
Library/Infinite_Typeclass.thy,73,4,14,0,13,0,1.0,1.0
Library/Lexord.thy,196,8,58,0,30,0,1.0,1.0
Library/Linear_Temporal_Logic_on_Streams.thy,873,126,334,0,192,0,1.0,1.0
Library/ListVector.thy,158,19,35,0,24,0,1.0,1.0
Library/List_Lenlexorder.thy,106,6,22,0,18,0,1.0,1.0
Library/List_Lexorder.thy,108,8,18,0,19,0,1.0,1.0
Library/Log_Nat.thy,466,47,209,0,107,0,1.0,1.0
Library/Mapping.thy,963,145,200,0,195,0,1.0,1.0
Library/More_List.thy,399,54,138,0,89,0,1.0,1.0
Library/Multiset_Order.thy,914,71,331,0,178,0,1.0,1.0
Library/NList.thy,114,21,33,0,29,0,1.0,1.0
Library/Nat_Bijection.thy,410,67,97,0,80,0,1.0,1.0
Library/Open_State_Syntax.thy,163,2,3,0,1,0,1.0,1.0
Library/Pattern_Aliases.thy,211,3,11,0,3,0,1.0,1.0
Library/Periodic_Fun.thy,173,25,43,0,36,0,1.0,1.0
Library/Power_By_Squaring.thy,69,3,5,0,5,0,1.0,1.0
Library/Product_Lexorder.thy,130,6,35,0,14,0,1.0,1.0
Library/Product_Order.thy,314,31,57,0,70,0,1.0,1.0
Library/Product_Plus.thy,137,14,21,0,25,0,1.0,1.0
Library/Quadratic_Discriminant.thy,202,12,84,0,34,0,1.0,1.0
Library/Quotient_Set.thy,104,14,10,0,17,0,1.0,1.0
Library/Quotient_Type.thy,198,13,110,0,19,0,1.0,1.0
Library/RBT.thy,248,39,4,0,48,0,1.0,1.0
Library/Real_Mod.thy,327,54,90,0,82,0,1.0,1.0
Library/Saturated.thy,299,20,76,0,44,0,1.0,1.0
Library/Set_Algebras.thy,343,54,37,0,65,0,1.0,1.0
Library/Signed_Division.thy,205,30,16,0,36,0,1.0,1.0
Library/Stream.thy,637,110,160,0,134,0,1.0,1.0
Library/Subseq_Order.thy,104,18,8,0,17,0,1.0,1.0
Library/Suc_Notation.thy,134,2,2,0,2,0,1.0,1.0
Library/Transitive_Closure_Table.thy,230,12,145,0,52,0,1.0,1.0
Limited_Sequence.thy,216,1,4,0,1,0,1.0,1.0
Metis_Examples/Type_Encodings.thy,95,8,1,0,8,0,1.0,1.0
MicroJava/BV/EffectMono.thy,444,11,300,0,87,0,1.0,1.0
MicroJava/Comp/TranslCompTp.thy,157,4,4,0,4,0,1.0,1.0
MicroJava/DFA/LBVComplete.thy,378,17,293,0,105,0,1.0,1.0
MicroJava/DFA/LBVCorrect.thy,222,10,161,0,53,0,1.0,1.0
MicroJava/DFA/LBVSpec.thy,373,33,172,0,70,0,1.0,1.0
MicroJava/JVM/JVMExceptions.thy,59,1,2,0,1,0,1.0,1.0
MicroJava/JVM/JVMState.thy,54,1,7,0,2,0,1.0,1.0
Nat.thy,2696,374,753,0,538,0,1.0,1.0
Nominal/Examples/Compile.thy,241,3,10,0,7,0,1.0,1.0
Nominal/Examples/Crary.thy,936,49,366,0,236,0,1.0,1.0
Nominal/Examples/SN.thy,534,30,211,0,106,0,1.0,1.0
Nominal/Examples/SOS.thy,550,37,188,0,128,0,1.0,1.0
Nominal/Examples/Support.thy,147,9,51,0,28,0,1.0,1.0
Nonstandard_Analysis/HLim.thy,314,36,107,0,64,0,1.0,1.0
Nonstandard_Analysis/HSEQ.thy,502,64,135,0,98,0,1.0,1.0
Nonstandard_Analysis/HSeries.thy,166,35,7,0,36,0,1.0,1.0
Nonstandard_Analysis/HyperDef.thy,400,79,32,0,89,0,1.0,1.0
Nonstandard_Analysis/HyperNat.thy,381,89,33,0,94,0,1.0,1.0
Nonstandard_Analysis/NSCA.thy,391,87,21,0,93,0,1.0,1.0
Nonstandard_Analysis/Star.thy,297,48,40,0,56,0,1.0,1.0
Number_Theory/Euler_Criterion.thy,216,24,98,0,57,0,1.0,1.0
Number_Theory/Mod_Exp.thy,118,8,29,0,17,0,1.0,1.0
Number_Theory/Modular_Inverse.thy,143,14,53,0,35,0,1.0,1.0
Number_Theory/Pocklington.thy,1272,51,845,0,372,0,1.0,1.0
Number_Theory/Prime_Powers.thy,519,53,292,0,137,0,1.0,1.0
Number_Theory/Residue_Primitive_Roots.thy,1160,50,724,0,295,0,1.0,1.0
Number_Theory/Totient.thy,562,52,315,0,135,0,1.0,1.0
Option.thy,393,76,16,0,78,0,1.0,1.0
Parity.thy,1393,140,440,0,276,0,1.0,1.0
Power.thy,1079,175,316,0,234,0,1.0,1.0
Predicate_Compile_Examples/Hotel_Example.thy,92,2,4,0,1,0,1.0,1.0
Predicate_Compile_Examples/Specialisation_Examples.thy,283,4,29,0,7,0,1.0,1.0
Probability/Discrete_Topology.thy,65,1,21,0,9,0,1.0,1.0
Probability/Helly_Selection.thy,299,4,182,0,80,0,1.0,1.0
Probability/Hoeffding.thy,924,23,485,0,208,0,1.0,1.0
Probability/PMF_Impl.thy,574,29,45,0,40,0,1.0,1.0
Probability/Product_PMF.thy,914,40,533,0,193,0,1.0,1.0
Probability/Random_Permutations.thy,232,10,91,0,34,0,1.0,1.0
Probability/Stopping_Time.thy,264,25,110,0,53,0,1.0,1.0
Probability/ex/Dining_Cryptographers.thy,476,12,265,0,121,0,1.0,1.0
Probability/ex/Measure_Not_CCC.thy,176,9,91,0,36,0,1.0,1.0
Proofs/Extraction/Greatest_Common_Divisor.thy,89,2,39,0,15,0,1.0,1.0
Proofs/Extraction/Pigeonhole.thy,248,2,215,0,52,0,1.0,1.0
Proofs/Extraction/QuotRem.thy,46,2,23,0,9,0,1.0,1.0
Proofs/Lambda/Lambda.thy,209,22,31,0,27,0,1.0,1.0
Proofs/Lambda/Standardization.thy,361,23,250,0,106,0,1.0,1.0
Proofs/ex/Proof_Terms.thy,67,2,6,0,0,0,1.0,1.0
Quickcheck_Random.thy,283,3,10,0,4,0,1.0,1.0
Quotient_Examples/Int_Pow.thy,149,7,72,0,31,0,1.0,1.0
Quotient_Examples/Quotient_Rat.thy,267,1,9,0,5,0,1.0,1.0
Random_Pred.thy,77,1,5,0,0,0,1.0,1.0
Real_Asymp/Multiseries_Expansion_Bounds.thy,696,82,199,0,123,0,1.0,1.0
Real_Asymp/Real_Asymp_Approx.thy,168,1,18,0,2,0,1.0,1.0
SMT_Examples/SMT_Examples.thy,497,78,1,0,78,0,1.0,1.0
SPARK/Examples/RIPEMD-160/Hash.thy,101,4,14,0,7,0,1.0,1.0
SPARK/Manual/Reference.thy,333,1,32,0,9,0,1.0,1.0
SPARK/SPARK_Setup.thy,188,19,47,0,36,0,1.0,1.0
Semiring_Normalization.thy,196,5,32,0,17,0,1.0,1.0
Set_Interval.thy,2884,244,397,0,342,0,1.0,1.0
Statespace/DistinctTreeProver.thy,636,25,387,0,92,0,1.0,1.0
Statespace/StateSpaceLocale.thy,40,3,3,0,3,0,1.0,1.0
String.thy,941,62,101,0,96,0,1.0,1.0
Sum_Type.thy,248,30,79,0,39,0,1.0,1.0
TLA/Memory/RPCParameters.thy,46,1,2,0,0,0,1.0,1.0
Transitive_Closure.thy,1628,247,463,0,280,0,1.0,1.0
Typedef.thy,113,8,73,0,22,0,1.0,1.0
Types_To_Sets/Examples/Finite.thy,91,5,8,0,6,0,1.0,1.0
Types_To_Sets/Examples/Linear_Algebra_On.thy,1031,9,1,0,13,0,1.0,1.0
Types_To_Sets/Examples/Prerequisites.thy,102,9,4,0,6,0,1.0,1.0
Unix/Nested_Environment.thy,520,20,271,0,70,0,1.0,1.0
Zorn.thy,896,64,469,0,188,0,1.0,1.0
ex/Argo_Examples.thy,1349,3,348,0,99,0,1.0,1.0
ex/Birthday_Paradox.thy,103,5,52,0,21,0,1.0,1.0
ex/CTL.thy,312,23,154,0,48,0,1.0,1.0
ex/Code_Lazy_Demo.thy,186,3,1,0,9,0,1.0,1.0
ex/Erdoes_Szekeres.thy,130,7,77,0,35,0,1.0,1.0
ex/Execute_Choice.thy,103,4,35,0,13,0,1.0,1.0
ex/Function_Growth.thy,424,22,231,0,84,0,1.0,1.0
ex/HarmonicSeries.thy,299,5,177,0,69,0,1.0,1.0
ex/LocaleTest2.thy,861,73,441,0,118,0,1.0,1.0
ex/NatSum.thy,121,14,20,0,17,0,1.0,1.0
ex/Normalization_by_Evaluation.thy,139,63,3,0,63,0,1.0,1.0
ex/Note_on_signed_division_on_words.thy,51,3,10,0,6,0,1.0,1.0
ex/PER.thy,266,19,120,0,20,0,1.0,1.0
ex/Peano_Axioms.thy,144,12,48,0,18,0,1.0,1.0
ex/Quicksort.thy,44,5,4,0,6,0,1.0,1.0
ex/Residue_Ring.thy,90,4,3,0,13,0,1.0,1.0
ex/Serbian.thy,221,7,15,0,9,0,1.0,1.0
ex/Set_Theory.thy,213,22,42,0,45,0,1.0,1.0
ex/Specifications_with_bundle_mixins.thy,65,2,15,0,9,0,1.0,1.0
ex/ThreeDivides.thy,234,10,73,0,30,0,1.0,1.0
ex/Triangular_Numbers.thy,76,15,10,0,13,0,1.0,1.0
ex/Word_Msb.thy,151,20,17,0,24,0,1.0,1.0
Real_Asymp/Multiseries_Expansion.thy,5393,295,1671,1,792,0,0.9994,0.9994
Decision_Procs/MIR.thy,5710,240,3789,3,1786,0,0.9992,0.9992
BNF_Wellorder_Constructions.thy,1633,109,790,1,392,0,0.9987,0.9987
Int.thy,2375,311,788,1,510,0,0.9987,0.9987
Library/Sublist.thy,1532,226,514,1,361,0,0.9981,0.9981
Decision_Procs/Parametric_Ferrante_Rackoff.thy,4014,212,1683,4,759,0,0.9976,0.9976
Hahn_Banach/Hahn_Banach.thy,491,4,345,1,98,0,0.9971,0.9971
Computational_Algebra/Polynomial.thy,6698,435,2331,7,1144,0,0.997,0.997
Library/Ramsey.thy,1188,66,602,2,279,0,0.9967,0.9967
BNF_Cardinal_Order_Relation.thy,1924,176,865,3,496,0,0.9965,0.9965
Analysis/Elementary_Metric_Spaces.thy,3298,280,1403,5,761,0,0.9964,0.9964
Cardinals/Cardinal_Order_Relation.thy,1505,172,511,2,357,0,0.9961,0.9961
Analysis/Elementary_Topology.thy,2433,231,988,4,529,0,0.996,0.996
Analysis/Measure_Space.thy,3730,315,1746,7,839,0,0.996,0.996
Conditionally_Complete_Lattices.thy,983,156,248,1,235,0,0.996,0.996
Algebra/Polynomials.thy,2533,169,1223,5,538,0,0.9959,0.9959
Analysis/Abstract_Metric_Spaces.thy,5073,364,2166,9,1124,0,0.9959,0.9959
Library/Omega_Words_Fun.thy,969,76,481,2,199,0,0.9959,0.9959
Analysis/Sigma_Algebra.thy,2284,225,954,4,472,0,0.9958,0.9958
Computational_Algebra/Formal_Power_Series.thy,6815,300,1438,6,685,0,0.9958,0.9958
Analysis/Gamma_Function.thy,3577,187,1564,7,674,0,0.9955,0.9955
Algebra/Group_Action.thy,916,54,398,2,225,0,0.995,0.995
Complete_Lattices.thy,1375,260,200,1,310,0,0.995,0.995
Decision_Procs/Commutative_Ring_Complete.thy,516,15,400,2,139,0,0.995,0.995
Library/Multiset.thy,5055,574,1702,9,1022,0,0.9947,0.9947
Complex_Analysis/Meromorphic.thy,1896,122,902,5,438,0,0.9945,0.9945
Datatype_Examples/Regex_ACIDZ.thy,459,46,179,1,92,0,0.9944,0.9944
Groups_Big.thy,1866,171,871,5,398,0,0.9943,0.9943
Isar_Examples/Basic_Logic.thy,408,22,174,1,26,0,0.9943,0.9943
Rings.thy,2915,304,700,4,468,0,0.9943,0.9943
Analysis/Abstract_Topology.thy,5029,595,1604,10,1036,0,0.9938,0.9938
Analysis/Borel_Space.thy,2037,207,808,5,410,0,0.9938,0.9938
Analysis/Complete_Measure.thy,1165,67,629,4,282,0,0.9937,0.9937
Binomial.thy,1557,118,782,5,362,0,0.9936,0.9936
Complex_Analysis/Laurent_Convergence.thy,2494,172,1224,8,595,0,0.9935,0.9935
Library/Equipollence.thy,798,99,307,2,181,0,0.9935,0.9935
Datatype_Examples/Regex_ACI.thy,327,22,150,1,61,0,0.9934,0.9934
Nominal/Examples/CR.thy,660,33,439,3,215,0,0.9932,0.9932
BNF_Wellorder_Embedding.thy,1166,51,567,4,274,0,0.993,0.993
Product_Type.thy,1422,206,139,1,224,0,0.9929,0.9929
Analysis/Isolated.thy,334,41,134,1,88,0,0.9926,0.9926
Library/Disjoint_Sets.thy,672,70,262,2,136,0,0.9924,0.9924
Analysis/Kronecker_Approximation_Theorem.thy,1364,24,500,4,225,0,0.9921,0.9921
Cardinals/Wellorder_Extension.thy,220,11,124,1,65,0,0.992,0.992
Equiv_Relations.thy,672,109,124,1,140,0,0.992,0.992
Complex_Analysis/Residue_Theorem.thy,1049,14,696,6,270,0,0.9915,0.9915
GCD.thy,3047,319,1037,9,625,0,0.9914,0.9914
Library/Complete_Partial_Order2.thy,1775,194,577,5,316,0,0.9914,0.9914
Library/Lattice_Algebras.thy,526,49,227,2,124,0,0.9913,0.9913
Analysis/Equivalence_Lebesgue_Henstock_Integration.thy,5218,227,2753,25,1191,0,0.991,0.991
Nominal/Nominal.thy,3431,301,885,8,599,0,0.991,0.991
Algebra/UnivPoly.thy,1836,128,853,8,324,0,0.9907,0.9907
Nominal/Examples/Pattern.thy,859,56,415,4,195,0,0.9905,0.9905
Algebra/Multiplicative_Group.thy,1074,67,515,5,276,0,0.9904,0.9904
Analysis/Abstract_Topology_2.thy,1904,182,657,7,384,0,0.9895,0.9895
Cardinals/Wellorder_Relation.thy,343,34,94,1,64,0,0.9895,0.9895
Computational_Algebra/Group_Closure.thy,211,16,93,1,43,0,0.9894,0.9894
Algebra/Zassenhaus.thy,644,14,366,4,197,0,0.9892,0.9892
Algebra/Lattice.thy,785,60,363,4,122,0,0.9891,0.9891
Decision_Procs/Algebra_Aux.thy,508,41,182,2,80,0,0.9891,0.9891
Bali/DefiniteAssignmentCorrect.thy,4363,57,3115,36,1033,0,0.9886,0.9886
Algebra/Coset.thy,2058,154,935,11,461,0,0.9884,0.9884
Analysis/Bochner_Integration.thy,3334,223,1439,17,658,0,0.9883,0.9883
Transcendental.thy,7783,934,2961,35,1825,0,0.9883,0.9883
Bit_Operations.thy,4199,532,1175,14,819,0,0.9882,0.9882
Analysis/Linear_Algebra.thy,1686,148,583,7,355,0,0.9881,0.9881
Analysis/Bounded_Continuous_Function.thy,318,24,80,1,52,0,0.9877,0.9877
Cardinals/Wellorder_Constructions.thy,767,100,161,2,152,0,0.9877,0.9877
List.thy,9023,1341,2309,29,1778,0,0.9876,0.9876
Analysis/Complex_Analysis_Basics.thy,936,70,229,3,141,0,0.9871,0.9871
Analysis/Urysohn.thy,5954,208,3191,42,1352,0,0.987,0.987
Data_Structures/AVL_Set.thy,347,18,227,3,70,0,0.987,0.987
Decision_Procs/Approximation_Bounds.thy,3102,123,1599,21,653,0,0.987,0.987
Analysis/Infinite_Sum.thy,3683,242,1358,18,684,0,0.9869,0.9869
Set.thy,2044,426,74,1,430,0,0.9867,0.9867
Library/Infinite_Set.thy,643,81,220,3,142,0,0.9865,0.9865
Number_Theory/Cong.thy,852,103,287,4,189,0,0.9863,0.9863
ex/Unification.thy,912,54,429,6,184,0,0.9862,0.9862
Algebra/Complete_Lattice.thy,1199,74,560,8,251,0,0.9859,0.9859
Complex_Analysis/Complex_Singularities.thy,2677,141,1396,20,659,0,0.9859,0.9859
Analysis/FSigma.thy,237,31,69,1,58,0,0.9857,0.9857
Analysis/Further_Topology.thy,5467,163,2932,43,1312,0,0.9855,0.9855
Analysis/Sparse_In.thy,290,34,66,1,51,0,0.9851,0.9851
Complex_Analysis/Great_Picard.thy,1843,18,853,13,370,0,0.985,0.985
Deriv.thy,2514,154,783,12,398,0,0.9849,0.9849
Nominal/Examples/Fsub.thy,1847,98,971,15,477,0,0.9848,0.9848
Algebra/Ring.thy,897,108,257,4,127,0,0.9847,0.9847
Library/Sorting_Algorithms.thy,756,45,387,6,144,0,0.9847,0.9847
Analysis/Abstract_Topological_Spaces.thy,5325,390,2291,36,1107,0,0.9845,0.9845
Basic_BNFs.thy,276,12,127,2,52,0,0.9845,0.9845
Analysis/Set_Integral.thy,1943,104,947,15,474,0,0.9844,0.9844
Algebra/Divisibility.thy,2942,197,1317,21,637,0,0.9843,0.9843
Vector_Spaces.thy,1789,112,877,14,438,0,0.9843,0.9843
Nonstandard_Analysis/HTranscendental.thy,543,38,62,1,54,0,0.9841,0.9841
Nonstandard_Analysis/NSA.thy,1673,326,246,4,395,0,0.984,0.984
Library/Dlist.thy,323,30,61,1,45,0,0.9839,0.9839
Algebra/FiniteProduct.thy,652,52,294,5,121,0,0.9833,0.9833
Analysis/Infinite_Products.thy,2429,145,1235,21,569,0,0.9833,0.9833
Data_Structures/Height_Balanced_Tree.thy,352,19,174,3,46,0,0.9831,0.9831
Analysis/Convex_Euclidean_Space.thy,2154,132,976,17,467,0,0.9829,0.9829
Number_Theory/Quadratic_Reciprocity.thy,489,38,224,4,116,0,0.9825,0.9825
Library/FuncSet.thy,847,120,276,5,190,0,0.9822,0.9822
Analysis/Summation_Tests.thy,916,58,603,11,233,0,0.9821,0.9821
Library/Tree_Real.thy,115,10,55,1,29,0,0.9821,0.9821
Series.thy,1355,151,549,10,293,0,0.9821,0.9821
Data_Structures/Interval_Tree.thy,302,11,109,2,46,0,0.982,0.982
Computational_Algebra/Fundamental_Theorem_Algebra.thy,947,48,542,10,219,0,0.9819,0.9819
Algebra/Generated_Rings.thy,154,12,54,1,29,0,0.9818,0.9818
Analysis/Fashoda_Theorem.thy,629,15,270,5,131,0,0.9818,0.9818
Partial_Function.thy,467,26,215,4,78,0,0.9817,0.9817
Library/Bourbaki_Witt_Fixpoint.thy,406,39,210,4,86,0,0.9813,0.9813
Analysis/Caratheodory.thy,901,36,521,10,207,0,0.9812,0.9812
Analysis/Elementary_Normed_Spaces.thy,1819,105,469,9,240,0,0.9812,0.9812
Complete_Partial_Order.thy,360,26,151,3,51,0,0.9805,0.9805
Rat.thy,1196,160,252,5,251,0,0.9805,0.9805
Library/Discrete_Functions.thy,430,38,250,5,111,0,0.9804,0.9804
Library/Landau_Symbols.thy,2307,233,998,20,473,0,0.9804,0.9804
Complex.thy,1509,283,348,7,369,0,0.9803,0.9803
Archimedean_Field.thy,914,164,242,5,224,0,0.9798,0.9798
Limits.thy,3354,283,677,14,436,0,0.9797,0.9797
Probability/Giry_Monad.thy,1815,135,870,18,388,0,0.9797,0.9797
Decision_Procs/Reflected_Multivariate_Polynomial.thy,2039,145,811,17,408,0,0.9795,0.9795
Map.thy,987,148,286,6,198,0,0.9795,0.9795
Library/Confluent_Quotient.thy,175,9,95,2,47,0,0.9794,0.9794
Algebra/Ideal.thy,798,56,326,7,174,0,0.979,0.979
Analysis/Change_Of_Vars.thy,3506,49,1770,38,707,0,0.979,0.979
Analysis/Henstock_Kurzweil_Integration.thy,7623,359,2844,64,1307,0,0.978,0.978
Topological_Spaces.thy,4001,441,1335,30,797,0,0.978,0.978
Algebra/Subrings.thy,501,35,177,4,94,0,0.9779,0.9779
Analysis/Improper_Integral.thy,2274,32,1325,30,520,0,0.9779,0.9779
Algebra/Group.thy,1777,210,573,13,378,0,0.9778,0.9778
Analysis/Infinite_Set_Sum.thy,1393,96,602,14,330,0,0.9773,0.9773
Analysis/Path_Connected.thy,4164,440,1395,33,893,0,0.9769,0.9769
Data_Structures/AVL_Bal2_Set.thy,219,14,42,1,17,0,0.9767,0.9767
Library/RBT_Impl.thy,3088,279,1046,25,591,0,0.9767,0.9767
Analysis/Nonnegative_Lebesgue_Integration.thy,2668,162,1126,27,481,0,0.9766,0.9766
Analysis/Retracts.thy,2522,136,979,24,546,0,0.9761,0.9761
Complex_Analysis/Winding_Numbers.thy,2341,82,1184,29,563,0,0.9761,0.9761
Analysis/Vitali_Covering_Theorem.thy,660,10,404,10,136,0,0.9758,0.9758
HOLCF/Deflation.thy,400,43,161,4,97,0,0.9758,0.9758
Real.thy,1850,168,679,17,365,0,0.9756,0.9756
Analysis/Topology_Euclidean_Space.thy,2516,199,1117,28,530,0,0.9755,0.9755
Analysis/Radon_Nikodym.thy,1130,32,739,19,294,0,0.9749,0.9749
Library/Extended_Real.thy,4017,494,1164,30,777,0,0.9749,0.9749
Analysis/Finite_Product_Measure.thy,1374,88,444,12,210,0,0.9737,0.9737
Analysis/Brouwer_Fixpoint.thy,2537,101,1279,35,592,0,0.9734,0.9734
Analysis/Extended_Real_Limits.thy,1726,85,1089,30,553,0,0.9732,0.9732
Analysis/Lipschitz.thy,848,52,400,11,202,0,0.9732,0.9732
Library/Complemented_Lattices.thy,273,28,72,2,50,0,0.973,0.973
Order_Relation.thy,666,57,288,8,123,0,0.973,0.973
Analysis/Arcwise_Connected.thy,2429,46,1507,42,628,0,0.9729,0.9729
Analysis/Regularity.thy,393,1,316,9,127,0,0.9723,0.9723
MicroJava/DFA/SemilatAlg.thy,182,12,104,3,32,0,0.972,0.972
Quotient_Examples/Quotient_FSet.thy,1135,130,240,7,225,0,0.9717,0.9717
Real_Vector_Spaces.thy,2521,192,649,19,365,0,0.9716,0.9716
Factorial.thy,421,67,102,3,90,0,0.9714,0.9714
Probability/Sinc_Integral.thy,404,25,170,5,88,0,0.9714,0.9714
Algebra/Ideal_Product.thy,616,20,404,12,120,0,0.9712,0.9712
Number_Theory/Fib.thy,320,28,135,4,73,0,0.9712,0.9712
Analysis/Locally.thy,1126,73,496,15,217,0,0.9706,0.9706
Analysis/Equivalence_Measurable_On_Borel.thy,1819,59,921,28,380,0,0.9705,0.9705
Data_Structures/Tree23_of_List.thy,160,19,32,1,26,0,0.9697,0.9697
Combinatorics/Multiset_Permutations.thy,515,58,157,5,94,0,0.9691,0.9691
Analysis/Polytope.thy,4010,208,1987,64,975,0,0.9688,0.9688
SPARK/Manual/Example_Verification.thy,251,5,31,1,9,0,0.9688,0.9688
Probability/Probability_Measure.thy,1331,104,495,16,250,0,0.9687,0.9687
Complex_Analysis/Conformal_Mappings.thy,2024,44,920,30,460,0,0.9684,0.9684
Probability/Essential_Supremum.thy,138,15,60,2,35,0,0.9677,0.9677
Quotient.thy,875,104,119,4,131,0,0.9675,0.9675
Probability/Tree_Space.thy,399,25,208,7,87,0,0.9674,0.9674
Probability/SPMF.thy,2755,368,1007,34,662,0,0.9673,0.9673
Lattices_Big.thy,1151,128,413,14,227,0,0.9672,0.9672
ex/Ballot.thy,312,22,118,4,60,0,0.9672,0.9672
Imperative_HOL/Heap_Monad.thy,702,64,88,3,81,0,0.967,0.967
Library/Set_Idioms.thy,715,76,260,9,158,0,0.9665,0.9665
Quotient_Examples/Quotient_Message.thy,351,37,28,1,51,0,0.9655,0.9655
Probability/Probability_Mass_Function.thy,2590,255,1031,37,564,0,0.9654,0.9654
Analysis/ex/Approximations.thy,723,42,278,10,124,0,0.9653,0.9653
Presburger.thy,561,34,278,10,132,0,0.9653,0.9653
Analysis/Uniform_Limit.thy,1100,72,470,17,184,0,0.9651,0.9651
Library/Float.thy,2332,251,714,26,487,0,0.9649,0.9649
Nominal/Examples/Standardization.thy,816,67,381,14,187,0,0.9646,0.9646
Analysis/Complex_Transcendental.thy,4730,472,1829,68,1081,0,0.9642,0.9642
Probability/Projective_Limit.thy,488,8,320,12,131,0,0.9639,0.9639
Complex_Analysis/Riemann_Mapping.thy,1646,34,531,20,238,0,0.9637,0.9637
Probability/Weak_Convergence.thy,422,17,159,6,80,0,0.9636,0.9636
Analysis/Lindelof_Spaces.thy,275,16,131,5,54,0,0.9632,0.9632
Analysis/Affine.thy,1316,104,463,18,280,0,0.9626,0.9626
Analysis/Tagged_Division.thy,2322,111,1025,40,486,0,0.9624,0.9624
Analysis/Sum_Topology.thy,166,18,51,2,36,0,0.9623,0.9623
Homology/Homology_Groups.thy,2532,103,1047,41,463,0,0.9623,0.9623
Data_Structures/Leftist_Heap_List.thy,179,16,76,3,43,0,0.962,0.962
Wellfounded.thy,1514,151,638,27,220,0,0.9594,0.9594
Library/Order_Continuity.thy,448,27,258,11,76,0,0.9591,0.9591
Probability/Conditional_Expectation.thy,1351,54,772,33,422,0,0.959,0.959
Analysis/Cartesian_Space.thy,1305,7,70,3,27,0,0.9589,0.9589
Analysis/Lebesgue_Measure.thy,1718,127,667,29,343,0,0.9583,0.9583
Fun.thy,1450,258,340,15,318,0,0.9577,0.9577
Complex_Analysis/Cauchy_Integral_Formula.thy,2923,104,1400,63,669,0,0.9569,0.9569
Decision_Procs/Reflective_Field.thy,929,27,177,8,55,0,0.9568,0.9568
Algebra/Generated_Fields.thy,185,13,66,3,34,0,0.9565,0.9565
Algebra/RingHom.thy,217,12,88,4,45,0,0.9565,0.9565
Probability/Independent_Family.thy,1409,45,801,37,259,0,0.9558,0.9558
Nonstandard_Analysis/HDeriv.thy,351,40,64,3,61,0,0.9552,0.9552
Analysis/Homeomorphism.thy,2328,17,531,25,242,0,0.955,0.955
Complex_Analysis/Cauchy_Integral_Theorem.thy,1634,45,697,33,346,0,0.9548,0.9548
Analysis/Weierstrass_Theorems.thy,1437,66,738,35,347,0,0.9547,0.9547
Analysis/Product_Vector.thy,842,50,336,16,161,0,0.9545,0.9545
IMP/Finite_Reachable.thy,162,14,84,4,33,0,0.9545,0.9545
Combinatorics/Perm.thy,805,66,350,17,191,0,0.9537,0.9537
Probability/Levy.thy,508,6,300,15,129,0,0.9524,0.9524
Probability/Infinite_Product_Measure.thy,441,36,198,10,98,0,0.9519,0.9519
Complex_Analysis/Complex_Residues.thy,563,24,328,17,142,0,0.9507,0.9507
Analysis/Homotopy.thy,5557,310,2365,123,1168,0,0.9506,0.9506
Library/Time_Manual.thy,282,5,19,1,13,0,0.95,0.95
Quickcheck_Narrowing.thy,336,7,19,1,10,0,0.95,0.95
Number_Theory/Gauss.thy,385,50,132,7,100,0,0.9496,0.9496
Number_Theory/Residues.thy,571,45,243,13,121,0,0.9492,0.9492
Library/While_Combinator.thy,563,36,261,14,95,0,0.9491,0.9491
Algebra/QuotRing.thy,1072,64,494,27,245,0,0.9482,0.9482
Data_Structures/AA_Set.thy,510,38,201,11,81,0,0.9481,0.9481
Data_Structures/Tries_Binary.thy,348,34,73,4,41,0,0.9481,0.9481
Algebra/Generated_Groups.thy,715,71,291,16,133,0,0.9479,0.9479
Filter.thy,2129,261,704,39,421,0,0.9475,0.9475
Probability/Distribution_Functions.thy,304,30,107,6,54,0,0.9469,0.9469
Quotient_Examples/Quotient_Int.thy,281,12,53,3,41,0,0.9464,0.9464
Analysis/Jordan_Curve.thy,659,6,316,18,171,0,0.9461,0.9461
Data_Structures/Array_Braun.thy,718,65,209,12,115,0,0.9457,0.9457
Nonstandard_Analysis/Examples/NSPrimes.thy,223,31,52,3,44,0,0.9455,0.9455
Library/Poly_Mapping.thy,1814,98,449,26,231,0,0.9453,0.9453
Metis_Examples/Sets.thy,205,14,121,7,61,0,0.9453,0.9453
Cardinals/Cardinal_Arithmetic.thy,333,48,120,7,79,0,0.9449,0.9449
Probability/Characteristic_Functions.thy,554,31,240,14,104,0,0.9449,0.9449
Computational_Algebra/Euclidean_Algorithm.thy,705,24,291,17,112,0,0.9448,0.9448
Random.thy,191,9,34,2,16,0,0.9444,0.9444
Types_To_Sets/Examples/Group_On_With.thy,527,38,152,9,101,0,0.9441,0.9441
Analysis/Determinants.thy,1125,53,523,31,206,0,0.944,0.944
Analysis/Binary_Product_Measure.thy,1190,80,622,37,281,0,0.9439,0.9439
Computational_Algebra/Primes.thy,1129,118,434,26,241,0,0.9435,0.9435
IMP/Def_Init_Small.thy,78,5,33,2,15,0,0.9429,0.9429
Probability/Distributions.thy,1379,91,615,38,281,0,0.9418,0.9418
Examples/Gauss_Numbers.thy,406,47,64,4,71,0,0.9412,0.9412
ex/Radix_Sort.thy,111,7,48,3,20,0,0.9412,0.9412
Data_Structures/AA_Map.thy,229,8,143,9,41,0,0.9408,0.9408
Nonstandard_Analysis/Free_Ultrafilter.thy,203,19,63,4,31,0,0.9403,0.9403
Library/Word.thy,4624,600,341,22,597,0,0.9394,0.9394
SPARK/Examples/RIPEMD-160/Round.thy,467,6,93,6,39,0,0.9394,0.9394
Analysis/Poly_Roots.thy,228,13,108,7,40,0,0.9391,0.9391
Num.thy,1571,257,104,7,225,0,0.9369,0.9369
Library/Interval.thy,837,84,252,17,160,0,0.9368,0.9368
MicroJava/BV/LBVJVM.thy,315,7,162,11,56,0,0.9364,0.9364
Analysis/Cartesian_Euclidean_Space.thy,562,42,73,5,53,0,0.9359,0.9359
Analysis/Line_Segment.thy,1087,138,335,23,229,0,0.9358,0.9358
Data_Structures/Binomial_Heap.thy,628,49,160,11,93,0,0.9357,0.9357
Analysis/Function_Metric.thy,387,4,242,17,118,0,0.9344,0.9344
Analysis/Lebesgue_Integral_Substitution.thy,407,5,241,17,99,0,0.9341,0.9341
Analysis/Function_Topology.thy,1664,52,887,63,324,0,0.9337,0.9337
Complex_Analysis/Contour_Integration.thy,1960,139,477,34,302,0,0.9335,0.9335
Code_Numeral.thy,1628,145,56,4,169,0,0.9333,0.9333
Number_Theory/Eratosthenes.thy,387,26,168,12,75,0,0.9333,0.9333
Predicate.thy,739,88,126,9,121,0,0.9333,0.9333
Proofs/Extraction/Util.thy,95,3,69,5,16,0,0.9324,0.9324
Algebra/Product_Groups.thy,481,20,230,17,93,0,0.9312,0.9312
Imperative_HOL/ex/Imperative_Quicksort.thy,670,22,338,25,101,0,0.9311,0.9311
Orderings.thy,1618,190,294,22,178,0,0.9304,0.9304
Examples/Functions.thy,520,11,40,3,29,0,0.9302,0.9302
Analysis/Derivative.thy,3607,112,692,52,342,0,0.9301,0.9301
Algebra/Free_Abelian_Groups.thy,756,35,385,29,159,0,0.93,0.93
Isar_Examples/Hoare.thy,413,31,93,7,40,0,0.93,0.93
Library/Finite_Map.thy,1428,261,184,14,331,0,0.9293,0.9293
Homology/Simplices.thy,3289,172,1358,104,583,0,0.9289,0.9289
Library/Liminf_Limsup.thy,633,60,260,20,124,0,0.9286,0.9286
Algebra/Elementary_Groups.thy,591,63,193,15,115,0,0.9279,0.9279
Algebra/Galois_Connection.thy,423,42,115,9,87,0,0.9274,0.9274
Probability/Fin_Map.thy,1359,83,725,57,259,0,0.9271,0.9271
BNF_Greatest_Fixpoint.thy,309,67,38,3,77,0,0.9268,0.9268
Analysis/Convex.thy,2775,173,501,40,325,0,0.9261,0.9261
Nominal/Examples/CR_Takahashi.thy,312,29,62,5,52,0,0.9254,0.9254
SMT.thy,907,61,49,4,54,0,0.9245,0.9245
Homology/Invariance_of_Domain.thy,3044,64,1536,126,703,0,0.9242,0.9242
Analysis/T1_Spaces.thy,756,68,301,25,152,0,0.9233,0.9233
Types_To_Sets/Examples/Linear_Algebra_On_With.thy,320,28,24,2,31,0,0.9231,0.9231
Enum.thy,1161,47,225,19,108,0,0.9221,0.9221
Imperative_HOL/ex/Linked_Lists.thy,968,55,520,44,203,0,0.922,0.922
Nominal/Examples/W.thy,634,46,106,9,86,0,0.9217,0.9217
IMP/Types.thy,218,10,58,5,18,0,0.9206,0.9206
Proofs/Lambda/WeakNorm.thy,445,9,217,19,83,0,0.9195,0.9195
Probability/Projective_Family.thy,691,44,337,30,138,0,0.9183,0.9183
Library/Option_ord.thy,455,24,178,16,95,0,0.9175,0.9175
Analysis/Product_Topology.thy,701,57,315,29,133,0,0.9157,0.9157
Modules.thy,960,116,314,29,206,0,0.9155,0.9155
Library/Lattice_Constructions.thy,489,24,118,11,78,0,0.9147,0.9147
MicroJava/BV/JVMType.thy,457,45,137,13,68,0,0.9133,0.9133
Auth/NS_Public.thy,201,14,21,2,17,0,0.913,0.913
Data_Structures/RBT_Set2.thy,153,8,63,6,20,0,0.913,0.913
Library/Comparator.thy,348,41,42,4,56,0,0.913,0.913
Metis_Examples/Trans_Closure.thy,65,3,21,2,10,0,0.913,0.913
Library/AList.thy,781,125,176,17,162,0,0.9119,0.9119
Transfer.thy,671,101,91,9,105,0,0.91,0.91
Data_Structures/Brother12_Set.thy,557,34,211,21,84,0,0.9095,0.9095
Library/Extended_Nonnegative_Real.thy,2010,328,330,33,410,0,0.9091,0.9091
Nominal/Examples/Type_Preservation.thy,227,14,50,5,38,0,0.9091,0.9091
Unix/Unix.thy,1046,30,270,27,93,0,0.9091,0.9091
Probability/Information.thy,1860,53,756,76,382,0,0.9087,0.9087
Data_Structures/Brother12_Map.thy,213,9,79,8,27,0,0.908,0.908
Algebra/Exponent.thy,106,5,49,5,19,0,0.9074,0.9074
Analysis/Continuum_Not_Denumerable.thy,200,12,78,8,38,0,0.907,0.907
NthRoot.thy,823,144,223,23,187,0,0.9065,0.9065
Proofs/Extraction/Euclid.thy,274,21,154,16,65,0,0.9059,0.9059
Analysis/Interval_Integral.thy,1125,70,374,39,220,0,0.9056,0.9056
Probability/Central_Limit_Theorem.thy,149,2,57,6,28,0,0.9048,0.9048
Predicate_Compile_Examples/Predicate_Compile_Tests.thy,1612,15,131,14,28,0,0.9034,0.9034
Analysis/Ordered_Euclidean_Space.thy,332,36,28,3,53,0,0.9032,0.9032
Datatype_Examples/Free_Idempotent_Monoid.thy,265,24,112,12,54,0,0.9032,0.9032
ex/Tarski.thy,746,100,158,17,133,0,0.9029,0.9029
Metis_Examples/Abstraction.thy,175,29,37,4,41,0,0.9024,0.9024
Library/Countable_Set.thy,474,91,64,7,106,0,0.9014,0.9014
Boolean_Algebras.thy,577,87,135,15,131,0,0.9,0.9
Library/DAList_Multiset.thy,470,28,153,17,58,0,0.9,0.9
Inductive.thy,542,47,224,25,92,0,0.8996,0.8996
Analysis/Finite_Cartesian_Product.thy,1274,135,219,25,214,0,0.8975,0.8975
Library/RBT_Set.thy,811,93,206,24,142,0,0.8957,0.8957
MacLaurin.thy,583,32,257,30,97,0,0.8955,0.8955
Probability/Convolution.thy,231,16,68,8,44,0,0.8947,0.8947
Analysis/Bounded_Linear_Function.thy,844,60,246,30,135,0,0.8913,0.8913
IMP/Big_Step.thy,289,16,73,9,28,0,0.8902,0.8902
Analysis/Smooth_Paths.thy,535,20,121,15,60,0,0.8897,0.8897
BNF_Least_Fixpoint.thy,205,31,54,7,40,0,0.8852,0.8852
Proofs/Extraction/Warshall.thy,256,10,160,21,35,0,0.884,0.884
Algebra/IntRing.thy,367,20,99,13,55,0,0.8839,0.8839
IMP/Abs_Int0.thy,489,47,98,13,71,0,0.8829,0.8829
Bali/Evaln.thy,833,30,244,33,89,0,0.8809,0.8809
Library/FSet.thy,2018,371,168,23,441,0,0.8796,0.8796
Library/Interval_Float.thy,361,51,42,6,66,0,0.875,0.875
TPTP/TPTP_Proof_Reconstruction.thy,2284,34,48,7,38,0,0.8727,0.8727
Real_Asymp/Real_Asymp_Examples.thy,727,121,27,4,123,0,0.871,0.871
Homology/Brouwer_Degree.thy,1695,87,623,93,303,0,0.8701,0.8701
Quotient_Examples/DList.thy,298,47,26,4,59,0,0.8667,0.8667
Probability/ex/Koepf_Duermuth_Countermeasure.thy,493,26,187,29,79,0,0.8657,0.8657
Library/Quotient_List.thy,199,26,38,6,33,0,0.8636,0.8636
Algebra/Exact_Sequence.thy,471,25,169,27,94,0,0.8622,0.8622
IMP/Small_Step.thy,200,12,80,13,28,0,0.8602,0.8602
Quickcheck_Examples/Completeness.thy,217,5,79,13,19,0,0.8587,0.8587
Datatype_Examples/Derivation_Trees/Parallel_Composition.thy,146,10,54,9,22,0,0.8571,0.8571
Bali/WellForm.thy,3001,119,1196,200,335,0,0.8567,0.8567
Library/Tree.thy,466,73,88,15,95,0,0.8544,0.8544
Record.thy,469,43,41,7,49,0,0.8542,0.8542
Analysis/Embed_Measure.thy,407,34,190,33,79,0,0.852,0.852
Datatype_Examples/FAE_Sequence.thy,137,14,44,8,39,0,0.8462,0.8462
Nonstandard_Analysis/StarDef.thy,938,127,66,12,174,0,0.8462,0.8462
IMP/Sec_TypingT.thy,213,7,124,23,55,0,0.8435,0.8435
Library/Nonpos_Ints.thy,394,76,97,18,99,0,0.8435,0.8435
Analysis/Continuous_Extension.thy,524,9,228,43,85,0,0.8413,0.8413
Library/State_Monad.thy,247,39,21,4,41,0,0.84,0.84
MicroJava/BV/Effect.thy,399,32,73,14,42,0,0.8391,0.8391
ex/veriT_Preprocessing.thy,476,1,10,2,1,0,0.8333,0.8333
Wfrec.thy,121,11,29,6,14,0,0.8286,0.8286
Cardinals/Bounded_Set.thy,230,22,53,11,40,0,0.8281,0.8281
ex/Cubic_Quartic.thy,162,5,48,10,16,0,0.8276,0.8276
Matrix_LP/SparseMatrix.thy,921,115,240,51,157,0,0.8247,0.8247
ex/Gauge_Integration.thy,624,43,270,58,113,0,0.8232,0.8232
IMP/Sec_Typing.thy,252,7,134,29,57,0,0.8221,0.8221
IMP/Abs_Int1.thy,268,27,60,13,40,0,0.8219,0.8219
Algebra/Module.thy,252,15,68,15,29,0,0.8193,0.8193
Probability/Stream_Space.thy,669,55,263,58,115,0,0.8193,0.8193
Proofs/Lambda/StrongNorm.thy,285,8,176,39,67,0,0.8186,0.8186
Algebra/Order.thy,657,84,54,12,96,0,0.8182,0.8182
Library/Confluence.thy,77,13,9,2,14,0,0.8182,0.8182
Data_Structures/Tree234_Set.thy,521,53,22,5,56,0,0.8148,0.8148
Analysis/Abstract_Euclidean_Space.thy,408,29,155,36,71,0,0.8115,0.8115
Nominal/Examples/CK_Machine.thy,587,39,43,10,52,0,0.8113,0.8113
Data_Structures/Tree23_Set.thy,382,40,20,5,43,0,0.8,0.8
Fun_Def.thy,338,32,56,14,40,0,0.8,0.8
Library/Code_Lazy.thy,134,4,4,1,4,0,0.8,0.8
Matrix_LP/LP.thy,164,5,83,21,38,0,0.7981,0.7981
IMP/Collecting.thy,216,21,68,18,36,0,0.7907,0.7907
Bali/DeclConcepts.thy,2348,161,508,135,226,0,0.79,0.79
Hoare/Hoare_Logic.thy,215,14,30,8,20,0,0.7895,0.7895
Hoare/Hoare_Logic_Abort.thy,236,15,30,8,21,0,0.7895,0.7895
IMP/Abs_Int2_ivl.thy,446,37,86,23,70,0,0.789,0.789
Hoare/SchorrWaite.thy,575,28,253,69,85,0,0.7857,0.7857
Proofs/ex/Hilbert_Classical.thy,237,3,157,43,6,0,0.785,0.785
Library/Numeral_Type.thy,589,52,72,20,84,0,0.7826,0.7826
Corec_Examples/LFilter.thy,102,7,32,9,11,0,0.7805,0.7805
Relation.thy,1701,428,34,10,407,0,0.7727,0.7727
IMP/Abs_State.thy,168,15,27,8,26,0,0.7714,0.7714
Imperative_HOL/ex/SatChecker.thy,709,34,178,53,66,0,0.7706,0.7706
HOLCF/Up.thy,258,25,70,21,38,0,0.7692,0.7692
HOLCF/Map_Functions.thy,495,45,169,51,108,0,0.7682,0.7682
HOLCF/Tutorial/New_Domain.thy,91,1,16,5,3,0,0.7619,0.7619
Nonstandard_Analysis/NatStar.thy,210,41,20,7,44,0,0.7407,0.7407
MicroJava/BV/BVSpecTypeSafe.thy,1364,45,450,163,158,0,0.7341,0.7341
Library/Uprod.thy,221,24,40,15,53,0,0.7273,0.7273
HOLCF/IOA/TL.thy,171,20,42,16,21,0,0.7241,0.7241
Nominal/Examples/LocalWeakening.thy,178,8,26,10,22,0,0.7222,0.7222
IMP/Complete_Lattice.thy,49,4,5,2,6,0,0.7143,0.7143
Nominal/Examples/Lam_Funs.thy,150,6,10,4,12,0,0.7143,0.7143
Nominal/Examples/Class1.thy,4881,229,2221,891,950,0,0.7137,0.7137
IMP/Abs_Int2.thy,238,18,57,23,32,0,0.7125,0.7125
Algebra/AbelCoset.thy,729,103,29,12,102,0,0.7073,0.7073
Library/BNF_Corec.thy,218,37,12,5,38,0,0.7059,0.7059
Algebra/Bij.thy,128,15,19,8,18,0,0.7037,0.7037
Auth/Guard/Guard_Shared.thy,202,34,18,8,40,0,0.6923,0.6923
Imperative_HOL/ex/Congproc_Ex.thy,530,13,18,8,14,0,0.6923,0.6923
MicroJava/BV/JVM.thy,284,6,106,48,37,0,0.6883,0.6883
Datatype_Examples/Derivation_Trees/Gram_Lang.thy,1360,141,356,164,226,0,0.6846,0.6846
Proofs/Lambda/LambdaType.thy,308,23,92,43,37,0,0.6815,0.6815
ex/BigO.thy,504,77,109,52,106,0,0.677,0.677
Proofs/Lambda/Eta.thy,391,28,178,85,70,0,0.6768,0.6768
Analysis/Cross3.thy,223,38,30,15,42,0,0.6667,0.6667
IMP/Vars.thy,116,8,6,3,8,0,0.6667,0.6667
Library/Code_Target_Nat.thy,248,40,2,1,40,0,0.6667,0.6667
Matrix_LP/ComputeFloat.thy,241,59,18,9,58,0,0.6667,0.6667
MicroJava/DFA/Opt.thy,292,18,93,48,28,0,0.6596,0.6596
IMP/Hoare_Total.thy,243,18,68,37,28,0,0.6476,0.6476
Proofs/Extraction/Higman.thy,328,18,132,73,38,0,0.6439,0.6439
Proofs/Lambda/Commutation.thy,271,18,85,48,25,0,0.6391,0.6391
IMP/Hoare_Total_EX2.thy,233,19,58,33,33,0,0.6374,0.6374
Lifting_Set.thy,373,53,52,31,58,0,0.6265,0.6265
Bali/AxCompl.thy,1507,51,565,343,111,0,0.6222,0.6222
Nominal/Examples/Height.thy,76,2,16,10,8,0,0.6154,0.6154
IMP/Hoare_Total_EX.thy,179,14,49,31,22,0,0.6125,0.6125
Proofs/Lambda/NormalForm.thy,233,21,77,50,32,0,0.6063,0.6063
HOLCF/Bifinite.thy,287,23,49,32,37,0,0.6049,0.6049
HOLCF/Representable.thy,676,27,64,42,54,0,0.6038,0.6038
MicroJava/J/Exceptions.thy,61,4,9,6,4,0,0.6,0.6
Types_To_Sets/Examples/T2_Spaces.thy,166,12,9,6,8,0,0.6,0.6
Library/RBT_Mapping.thy,248,22,7,5,22,0,0.5833,0.5833
Datatype_Examples/TLList.thy,131,15,18,13,25,0,0.5806,0.5806
Lifting.thy,582,88,29,21,94,0,0.58,0.58
Bali/Basis.thy,277,32,27,20,33,0,0.5745,0.5745
ex/Parallel_Example.thy,108,1,12,9,5,0,0.5714,0.5714
HOLCF/Library/List_Cpo.thy,335,27,72,55,39,0,0.5669,0.5669
SPARK/Examples/Liseq/Longest_Increasing_Subsequence.thy,661,37,222,172,100,0,0.5635,0.5635
MicroJava/BV/BVNoTypeError.thy,475,29,135,105,57,0,0.5625,0.5625
Metis_Examples/Binary_Tree.thy,235,22,52,41,36,0,0.5591,0.5591
Library/Z2.thy,241,17,10,8,23,0,0.5556,0.5556
ZF/Games.thy,956,62,317,261,110,0,0.5484,0.5484
Corec_Examples/Stream_Processor.thy,81,6,6,5,9,0,0.5455,0.5455
Import/HOL_Light_Maps.thy,339,70,12,10,70,0,0.5455,0.5455
Auth/Message.thy,893,135,55,46,120,0,0.5446,0.5446
Bali/TypeRel.thy,703,81,145,125,75,0,0.537,0.537
Quotient_Examples/Lift_Fun.thy,123,1,15,13,11,0,0.5357,0.5357
HOLCF/Domain.thy,716,92,96,89,90,0,0.5189,0.5189
MicroJava/BV/JType.thy,306,14,81,79,28,0,0.5062,0.5062
Bali/Term.thy,486,27,4,4,26,0,0.5,0.5
Bali/Trans.thy,373,3,1,1,3,0,0.5,0.5
HOLCF/Powerdomains.thy,217,16,15,15,15,0,0.5,0.5
Hoare/ExamplesTC.thy,134,8,5,5,9,0,0.5,0.5
Library/Extended.thy,200,10,4,4,15,0,0.5,0.5
Nominal/Examples/Contexts.thy,148,7,5,5,10,0,0.5,0.5
MicroJava/J/Eval.thy,244,17,28,29,6,0,0.4912,0.4912
MicroJava/J/TypeRel.thy,305,23,70,73,24,0,0.4895,0.4895
BNF_Composition.thy,225,36,23,25,44,0,0.4792,0.4792
MicroJava/DFA/Semilat.thy,371,38,73,80,27,0,0.4771,0.4771
HOLCF/ex/Concurrency_Monad.thy,416,38,105,116,43,0,0.4751,0.4751
Bali/Decl.thy,822,71,78,89,63,0,0.4671,0.4671
Library/Lub_Glb.thy,246,55,7,8,53,0,0.4667,0.4667
HOLCF/Fixrec.thy,488,55,36,43,67,0,0.4557,0.4557
ZF/HOLZF.thy,896,85,226,288,98,0,0.4397,0.4397
MicroJava/DFA/Typing_Framework_err.thy,252,12,63,81,23,0,0.4375,0.4375
HOLCF/Algebraic.thy,281,24,34,44,34,0,0.4359,0.4359
HOLCF/UpperPD.thy,535,65,70,97,68,0,0.4192,0.4192
HOLCF/Cfun.thy,522,72,27,38,66,0,0.4154,0.4154
ex/Cartouche_Examples.thy,228,4,7,10,6,0,0.4118,0.4118
MicroJava/JVM/JVMDefensive.thy,169,4,9,13,4,0,0.4091,0.4091
HOLCF/ex/Pattern_Match.thy,606,28,11,16,20,0,0.4074,0.4074
HOLCF/LowerPD.thy,539,65,70,104,66,0,0.4023,0.4023
Imperative_HOL/Array.thy,500,66,7,11,67,0,0.3889,0.3889
UNITY/Simple/Common.thy,118,8,12,19,5,0,0.3871,0.3871
Eisbach/Tests.thy,605,29,62,103,37,0,0.3758,0.3758
HOLCF/Library/Defl_Bifinite.thy,777,56,145,253,67,0,0.3643,0.3643
HOLCF/ConvexPD.thy,639,77,66,118,74,0,0.3587,0.3587
HOLCF/Cpodef.thy,284,20,26,48,14,0,0.3514,0.3514
UNITY/FP.thy,62,8,7,13,6,0,0.35,0.35
UNITY/Union.thy,462,86,22,42,75,0,0.3438,0.3438
HOLCF/Library/Bool_Discrete.thy,72,2,6,12,1,0,0.3333,0.3333
HOLCF/Lift.thy,128,18,5,10,19,0,0.3333,0.3333
HOLCF/Sprod.thy,208,39,5,10,39,0,0.3333,0.3333
SMT_Examples/SMT_Tests_Verit.thy,737,66,2,4,65,0,0.3333,0.3333
Metis_Examples/Big_O.thy,709,78,118,246,114,0,0.3242,0.3242
Quotient_Examples/Lift_FSet.thy,183,21,11,23,18,0,0.3235,0.3235
UNITY/ProgressSets.thy,590,56,55,115,68,0,0.3235,0.3235
Bali/WellType.thy,687,36,21,46,28,0,0.3134,0.3134
HOLCF/Cpo.thy,1462,200,106,240,185,0,0.3064,0.3064
HOLCF/Completion.thy,431,30,64,145,37,0,0.3062,0.3062
Hoare/Pointer_Examples.thy,506,30,55,125,20,0,0.3056,0.3056
Induct/Common_Patterns.thy,405,13,140,0,2,2,1.0,0.3
Nominal/Examples/VC_Condition.thy,211,9,36,0,22,2,1.0,0.3
Nominal/Examples/Weakening.thy,208,5,72,0,39,1,1.0,0.3
Predicate_Compile_Examples/Hotel_Example_Prolog.thy,158,11,2,0,6,5,1.0,0.3
Predicate_Compile_Examples/Reg_Exp_Example.thy,190,7,3,0,1,8,1.0,0.3
Quickcheck_Examples/Quickcheck_Narrowing_Examples.thy,270,29,4,0,2,27,1.0,0.3
Statespace/StateSpaceEx.thy,512,22,13,0,22,1,1.0,0.3
ex/Classical.thy,822,145,1,0,144,2,1.0,0.3
HOLCF/Universal.thy,989,94,123,289,89,0,0.2985,0.2985
ex/Simproc_Tests.thy,767,3,469,3,167,3,0.9936,0.2981
HOLCF/Library/Option_Cpo.thy,293,32,24,58,28,0,0.2927,0.2927
IMP/Hoare_Examples.thy,80,4,6,15,3,0,0.2857,0.2857
ZF/Zet.thy,205,24,30,75,24,0,0.2857,0.2857
Bali/AxSound.thy,2669,26,1666,114,418,1,0.936,0.2808
ex/Bubblesort.thy,82,9,7,18,9,0,0.28,0.28
ex/Perm_Fragments.thy,265,23,91,9,45,4,0.91,0.273
Bali/TypeSafe.thy,3999,99,1874,254,628,1,0.8806,0.2642
Nominal/Examples/Class2.thy,6058,117,1376,3833,461,0,0.2642,0.2642
Real_Asymp/Manual/Real_Asymp_Doc.thy,287,7,22,3,10,1,0.88,0.264
Isar_Examples/Hoare_Ex.thy,319,22,73,13,31,2,0.8488,0.2547
Bali/Eval.thy,1180,67,42,124,49,0,0.253,0.253
Imperative_HOL/ex/List_Sublist.thy,498,44,95,283,28,0,0.2513,0.2513
HOLCF/IOA/NTP/Abschannel.thy,142,5,2,6,2,0,0.25,0.25
Nonstandard_Analysis/NSComplex.thy,604,146,1,3,144,0,0.25,0.25
TLA/Intensional.thy,272,4,1,3,3,0,0.25,0.25
Data_Structures/Tree_Rotations.thy,153,13,35,9,20,1,0.7955,0.2386
Library/AList_Mapping.thy,138,20,8,26,18,0,0.2353,0.2353
Library/Predicate_Compile_Alternative_Defs.thy,263,15,7,24,14,0,0.2258,0.2258
Auth/NS_Public_Bad.thy,227,14,21,8,16,1,0.7241,0.2172
HOLCF/Library/Sum_Cpo.thy,373,47,23,84,34,0,0.215,0.215
Matrix_LP/Matrix.thy,1509,131,291,116,195,1,0.715,0.2145
MicroJava/BV/BVExample.thy,489,43,39,146,30,0,0.2108,0.2108
HOLCF/IOA/ex/TrivEx.thy,73,2,4,15,0,0,0.2105,0.2105
IMP/Abs_Int3.thy,630,44,132,58,76,2,0.6947,0.2084
Hoare/Pointer_ExamplesAbort.thy,31,1,1,4,0,0,0.2,0.2
SMT_Examples/SMT_Examples_Verit.thy,858,76,8,4,79,1,0.6667,0.2
Metis_Examples/Message.thy,733,109,36,152,89,0,0.1915,0.1915
Predicate_Compile_Examples/Lambda_Example.thy,130,4,15,9,6,1,0.625,0.1875
ex/While_Combinator_Example.thy,61,2,5,22,1,0,0.1852,0.1852
Predicate_Compile_Examples/Predicate_Compile_Quickcheck_Examples.thy,352,15,5,4,2,14,0.5556,0.1667
Hoare/Pointers0.thy,435,33,22,123,20,0,0.1517,0.1517
ZF/LProd.thy,185,21,40,44,19,2,0.4762,0.1429
Examples/Records.thy,415,28,27,30,26,1,0.4737,0.1421
HOLCF/IOA/ex/TrivEx2.thy,103,4,4,25,0,0,0.1379,0.1379
ex/Refute_Examples.thy,938,177,4,5,29,152,0.4444,0.1333
Metis_Examples/Tarski.thy,1041,104,49,334,77,0,0.1279,0.1279
MicroJava/Comp/LemmasComp.thy,408,35,26,181,25,0,0.1256,0.1256
Datatype_Examples/Lift_BNF.thy,261,6,3,21,52,0,0.125,0.125
ex/Tree23.thy,433,23,38,55,24,1,0.4086,0.1226
MicroJava/DFA/Kildall.thy,486,17,39,281,14,0,0.1219,0.1219
HOLCF/ex/Powerdomain_ex.thy,114,7,3,22,3,0,0.12,0.12
Quickcheck_Examples/Hotel_Example.thy,194,9,6,9,2,3,0.4,0.12
MicroJava/BV/Correct.thy,341,37,12,90,23,0,0.1176,0.1176
Proofs/Lambda/ListBeta.thy,91,5,6,45,2,0,0.1176,0.1176
Corec_Examples/Tests/Misc_Mono.thy,435,1,12,20,4,24,0.375,0.1125
HOLCF/IOA/Traces.thy,344,27,6,51,13,0,0.1053,0.1053
TPTP/TPTP_Proof_Reconstruction_Test.thy,818,2,5,47,2,0,0.0962,0.0962
MicroJava/DFA/Listn.thy,535,54,26,252,18,0,0.0935,0.0935
HOLCF/IOA/SimCorrectness.thy,277,17,12,120,0,0,0.0909,0.0909
NanoJava/State.thy,179,22,1,10,21,0,0.0909,0.0909
Auth/Shared.thy,257,27,3,31,17,0,0.0882,0.0882
HOLCF/IOA/CompoExecs.thy,240,24,4,43,12,0,0.0851,0.0851
HOLCF/Library/List_Predomain.thy,175,17,4,44,10,0,0.0833,0.0833
NanoJava/OpSem.thy,113,9,1,11,4,0,0.0833,0.0833
UNITY/ListOrder.thy,430,62,10,114,38,0,0.0806,0.0806
Auth/Guard/Extensions.thy,630,120,5,58,101,0,0.0794,0.0794
ex/Reflection_Examples.thy,488,47,9,26,14,22,0.2571,0.0771
Auth/Yahalom2.thy,425,27,3,38,23,0,0.0732,0.0732
Hoare_Parallel/OG_Tactics.thy,501,44,6,76,26,0,0.0732,0.0732
UNITY/WFair.thy,638,72,15,195,29,0,0.0714,0.0714
UNITY/Extend.thy,709,120,10,131,91,0,0.0709,0.0709
Hoare/Examples.thy,351,25,6,80,5,0,0.0698,0.0698
Examples/Rewrite_Examples.thy,302,32,2,27,25,0,0.069,0.069
MicroJava/DFA/Product.thy,142,9,5,70,4,0,0.0667,0.0667
Nitpick_Examples/Manual_Nits.thy,471,47,2,7,5,45,0.2222,0.0667
MicroJava/J/WellForm.thy,726,51,30,422,11,0,0.0664,0.0664
Bali/Example.thy,1387,127,39,552,62,0,0.066,0.066
MicroJava/DFA/Err.thy,345,40,8,114,25,0,0.0656,0.0656
MicroJava/BV/Typing_Framework_JVM.thy,320,22,11,158,12,0,0.0651,0.0651
Nitpick.thy,245,12,1,15,14,0,0.0625,0.0625
HOLCF/IOA/Sequence.thy,1030,131,21,317,57,0,0.0621,0.0621
Hoare_Parallel/OG_Examples.thy,547,16,9,151,3,0,0.0563,0.0563
HOLCF/ex/Dnat.thy,73,6,2,34,0,0,0.0556,0.0556
UNITY/Follows.thy,270,27,6,107,7,0,0.0531,0.0531
IOA/IOA.thy,323,20,4,72,0,0,0.0526,0.0526
SET_Protocol/Event_SET.thy,196,20,1,18,10,0,0.0526,0.0526
Examples/Adhoc_Overloading.thy,255,13,1,19,15,0,0.05,0.05
Auth/Yahalom_Bad.thy,363,22,2,40,12,0,0.0476,0.0476
HOLCF/IMP/Denotational.thy,68,6,1,20,4,0,0.0476,0.0476
SET_Protocol/Purchase.thy,1174,59,11,221,32,0,0.0474,0.0474
Auth/NS_Shared.thy,523,34,5,108,13,0,0.0442,0.0442
Auth/Yahalom.thy,623,43,3,66,44,0,0.0435,0.0435
Auth/CertifiedEmail.thy,482,29,5,113,11,0,0.0424,0.0424
HOLCF/IOA/TLS.thy,171,14,2,46,7,0,0.0417,0.0417
Hoare/Heap.thy,192,28,2,47,18,0,0.0408,0.0408
HOLCF/IOA/Automata.thy,577,52,4,97,38,0,0.0396,0.0396
MicroJava/BV/Altern.thy,73,3,1,25,0,0,0.0385,0.0385
IMPP/Misc.thy,159,15,3,78,0,0,0.037,0.037
Auth/Smartcard/Smartcard.thy,432,43,3,81,13,0,0.0357,0.0357
ex/Transfer_Debug.thy,119,8,3,23,5,3,0.1154,0.0346
Auth/OtwayRees_AN.thy,302,18,1,28,11,0,0.0345,0.0345
Auth/KerberosIV.thy,1839,121,17,478,51,0,0.0343,0.0343
HOLCF/IOA/Storage/Correctness.thy,76,2,1,32,0,0,0.0303,0.0303
Auth/KerberosV.thy,1552,107,12,387,44,0,0.0301,0.0301
NanoJava/TypeRel.thy,130,14,1,34,3,0,0.0286,0.0286
Corec_Examples/Tests/Small_Concrete.thy,180,3,1,10,0,5,0.0909,0.0273
Auth/ZhouGollmann.thy,449,27,3,111,6,0,0.0263,0.0263
Auth/OtwayRees.thy,447,29,1,41,28,0,0.0238,0.0238
Auth/Smartcard/EventSC.thy,417,55,2,82,29,0,0.0238,0.0238
MicroJava/Comp/CorrComp.thy,1284,57,15,617,20,0,0.0237,0.0237
Auth/Kerberos_BAN.thy,731,50,5,210,2,0,0.0233,0.0233
HOLCF/IOA/CompoScheds.thy,506,31,3,126,9,0,0.0233,0.0233
HOLCF/IOA/RefCorrectness.thy,357,19,3,128,3,0,0.0229,0.0229
HOLCF/IOA/ShortExecutions.thy,258,15,3,130,0,0,0.0226,0.0226
UNITY/Comp/Priority.thy,263,30,1,50,13,0,0.0196,0.0196
Eisbach/Examples.thy,247,23,3,45,3,8,0.0625,0.0187
Auth/Guard/P1.thy,640,70,8,148,65,1,0.0513,0.0154
Auth/Guard/P2.thy,564,65,2,140,63,0,0.0141,0.0141
Auth/TLS.thy,910,42,2,144,16,0,0.0137,0.0137
HOLCF/ex/Domain_Proofs.thy,499,37,1,82,26,0,0.012,0.012
NanoJava/Equivalence.thy,316,26,2,177,11,0,0.0112,0.0112
UNITY/Transformers.thy,492,60,2,177,31,0,0.0112,0.0112
HOLCF/IOA/CompoTraces.thy,941,27,5,466,8,0,0.0106,0.0106
HOLCF/IOA/Abstraction.thy,497,44,2,198,13,0,0.01,0.01
IOA/Solve.thy,210,8,1,100,1,0,0.0099,0.0099
Nominal/Examples/Class3.thy,6512,181,50,5146,16,0,0.0096,0.0096
HOLCF/Library/Stream.thy,1019,129,4,415,66,0,0.0095,0.0095
SET_Protocol/Cardholder_Registration.thy,1048,62,2,212,26,0,0.0093,0.0093
Auth/OtwayRees_Bad.thy,294,18,1,35,9,1,0.0278,0.0083
HOLCF/FOCUS/Buffer.thy,385,44,1,129,20,0,0.0077,0.0077
HOLCF/FOCUS/Fstreams.thy,351,46,1,166,27,0,0.006,0.006
SET_Protocol/Message_SET.thy,918,134,1,184,76,0,0.0054,0.0054
UNITY/Comp/Alloc.thy,1092,81,1,196,12,0,0.0051,0.0051
Bali/AxSem.thy,1191,97,5,367,2,2,0.0134,0.004
TLA/Memory/MemoryImplementation.thy,1350,138,1,278,79,0,0.0036,0.0036
Auth/Smartcard/ShoupRubin.thy,1371,78,1,281,1,0,0.0035,0.0035
Auth/Smartcard/ShoupRubinBella.thy,1371,80,1,289,1,0,0.0034,0.0034
MicroJava/Comp/CorrCompTp.thy,2642,136,4,1333,66,0,0.003,0.003
Hoare_Parallel/Gar_Coll.thy,837,34,1,398,0,0,0.0025,0.0025
ATP.thy,155,17,0,0,16,0,0.0,0.0
Algebra/Algebra.thy,10,0,0,0,0,0,0.0,0.0
Algebra/README.thy,75,0,3,0,4,0,1.0,0.0
Analysis/Analysis.thy,62,0,0,0,0,0,0.0,0.0
Analysis/Finite_Function_Topology.thy,146,0,74,0,26,0,1.0,0.0
Analysis/Multivariate_Analysis.thy,13,0,0,0,0,0,0.0,0.0
Analysis/Norm_Arith.thy,152,23,0,3,21,0,0.0,0.0
Analysis/ex/Metric_Arith_Examples.thy,103,26,0,0,26,0,0.0,0.0
Argo.thy,28,0,0,0,0,0,0.0,0.0
Auth/All_Symmetric.thy,16,1,0,0,1,0,0.0,0.0
Auth/Auth_Public.thy,16,0,0,0,0,0,0.0,0.0
Auth/Auth_Shared.thy,28,0,0,0,0,0,0.0,0.0
Auth/Guard/Analz.thy,262,64,0,7,59,0,0.0,0.0
Auth/Guard/Auth_Guard_Public.thy,16,0,0,0,0,0,0.0,0.0
Auth/Guard/Auth_Guard_Shared.thy,14,0,0,0,0,0,0.0,0.0
Auth/Guard/Guard.thy,308,50,0,59,47,0,0.0,0.0
Auth/Guard/GuardK.thy,303,47,0,55,45,0,0.0,0.0
Auth/Guard/Guard_NS_Public.thy,198,15,0,55,14,0,0.0,0.0
Auth/Guard/Guard_OtwayRees.thy,185,11,0,40,11,0,0.0,0.0
Auth/Guard/Guard_Public.thy,168,30,0,10,28,0,0.0,0.0
Auth/Guard/Guard_Yahalom.thy,251,19,0,68,18,0,0.0,0.0
Auth/Guard/List_Msg.thy,149,16,0,0,16,0,0.0,0.0
Auth/Guard/Proto.thy,602,40,0,187,40,0,0.0,0.0
Auth/KerberosIV_Gets.thy,1474,96,0,363,52,0,0.0,0.0
Auth/Kerberos_BAN_Gets.thy,722,51,0,173,14,0,0.0,0.0
Auth/OtwayReesBella.thy,377,27,0,71,16,0,0.0,0.0
Auth/Public.thy,453,60,0,41,44,0,0.0,0.0
Auth/README.thy,39,0,2,0,1,0,1.0,0.0
Auth/Recur.thy,484,30,0,89,6,0,0.0,0.0
Auth/Smartcard/Auth_Smartcard.thy,14,0,0,0,0,0,0.0,0.0
Auth/WooLam.thy,167,11,0,4,9,1,0.0,0.0
BNF_Def.thy,281,64,0,2,63,0,0.0,0.0
Bali/AxExample.thy,284,6,0,202,0,0,0.0,0.0
Bali/Conform.thy,559,81,0,173,45,0,0.0,0.0
Bali/Name.thy,101,3,0,3,2,0,0.0,0.0
Bali/State.thy,826,111,0,198,58,0,0.0,0.0
Bali/Table.thy,417,64,0,60,51,0,0.0,0.0
Bali/Type.thy,47,1,0,0,1,0,0.0,0.0
Bali/Value.thy,51,0,0,0,0,0,0.0,0.0
Basic_BNF_LFPs.thy,116,27,0,0,23,0,0.0,0.0
Cardinals/Cardinals.thy,16,0,0,0,0,0,0.0,0.0
Code_Evaluation.thy,156,4,0,0,4,0,0.0,0.0
Codegenerator_Test/Basic_Setup.thy,34,0,0,0,0,0,0.0,0.0
Codegenerator_Test/Code_Lazy_Test.thy,189,6,0,1,10,0,0.0,0.0
Codegenerator_Test/Code_Test_GHC.thy,30,0,0,0,0,0,0.0,0.0
Codegenerator_Test/Code_Test_MLton.thy,16,0,0,0,0,0,0.0,0.0
Codegenerator_Test/Code_Test_OCaml.thy,30,0,0,0,0,0,0.0,0.0
Codegenerator_Test/Code_Test_PolyML.thy,20,0,0,0,0,0,0.0,0.0
Codegenerator_Test/Code_Test_SMLNJ.thy,16,0,0,0,0,0,0.0,0.0
Codegenerator_Test/Code_Test_Scala.thy,30,0,0,0,0,0,0.0,0.0
Codegenerator_Test/Generate.thy,21,0,0,0,0,0,0.0,0.0
Codegenerator_Test/Generate_Abstract_Char.thy,20,0,0,0,0,0,0.0,0.0
Codegenerator_Test/Generate_Binary_Nat.thy,22,0,0,0,0,0,0.0,0.0
Codegenerator_Test/Generate_Efficient_Datastructures.thy,42,0,0,0,0,0,0.0,0.0
Codegenerator_Test/Generate_Target_Bit_Operations.thy,65,3,0,0,3,0,0.0,0.0
Codegenerator_Test/Generate_Target_GHC.thy,14,0,0,0,0,0,0.0,0.0
Codegenerator_Test/Generate_Target_MLton.thy,17,0,0,0,0,0,0.0,0.0
Codegenerator_Test/Generate_Target_Nat.thy,22,0,0,0,0,0,0.0,0.0
Codegenerator_Test/Generate_Target_OCaml.thy,14,0,0,0,0,0,0.0,0.0
Codegenerator_Test/Generate_Target_Rewrites_To_Bit_Operations.thy,22,0,0,0,0,0,0.0,0.0
Codegenerator_Test/Generate_Target_SMLNJ.thy,14,0,0,0,0,0,0.0,0.0
Codegenerator_Test/Generate_Target_String_Literals.thy,52,3,0,0,3,0,0.0,0.0
Combinatorics/Combinatorics.thy,17,0,0,0,0,0,0.0,0.0
Complex_Analysis/Complex_Analysis.thy,9,0,0,0,0,0,0.0,0.0
Complex_Main.thy,10,0,0,0,0,0,0.0,0.0
Computational_Algebra/Computation_Checks.thy,41,0,0,0,7,0,0.0,0.0
Computational_Algebra/Computational_Algebra.thy,22,0,0,0,0,0,0.0,0.0
Computational_Algebra/Field_as_Ring.thy,132,0,0,0,6,0,0.0,0.0
Corec_Examples/Paper_Examples.thy,116,0,0,4,0,0,0.0,0.0
Corec_Examples/Tests/GPV_Bare_Bones.thy,49,0,1,0,0,1,1.0,0.0
Corec_Examples/Tests/Iterate_GPV.thy,58,3,0,4,3,0,0.0,0.0
Corec_Examples/Tests/Merge_A.thy,33,0,0,0,0,1,0.0,0.0
Corec_Examples/Tests/Merge_B.thy,27,0,0,0,0,2,0.0,0.0
Corec_Examples/Tests/Merge_C.thy,31,0,0,0,0,3,0.0,0.0
Corec_Examples/Tests/Merge_D.thy,42,0,0,0,0,2,0.0,0.0
Corec_Examples/Tests/Merge_Poly.thy,134,0,0,0,0,12,0.0,0.0
Corec_Examples/Tests/Misc_Poly.thy,316,0,2,0,0,25,1.0,0.0
Corec_Examples/Tests/Simple_Nesting.thy,132,0,4,0,2,0,1.0,0.0
Corec_Examples/Tests/Stream_Friends.thy,98,0,0,0,0,3,0.0,0.0
Corec_Examples/Tests/TLList_Friends.thy,127,0,0,0,0,7,0.0,0.0
Corec_Examples/Tests/Type_Class.thy,32,0,0,0,0,1,0.0,0.0
Ctr_Sugar.thy,50,2,0,0,2,0,0.0,0.0
Data_Structures/AList_Upd_Del.thy,166,28,0,10,21,0,0.0,0.0
Data_Structures/Array_Specs.thy,40,0,0,0,0,0,0.0,0.0
Data_Structures/Cmp.thy,25,2,0,0,2,0,0.0,0.0
Data_Structures/Isin2.thy,27,2,0,0,2,0,0.0,0.0
Data_Structures/Less_False.thy,32,0,3,0,0,0,1.0,0.0
Data_Structures/List_Ins_Del.thy,143,23,0,2,20,0,0.0,0.0
Data_Structures/Lookup2.thy,22,1,0,0,1,0,0.0,0.0
Data_Structures/Priority_Queue_Specs.thy,37,0,0,0,0,0,0.0,0.0
Data_Structures/Queue_Spec.thy,29,0,0,0,0,0,0.0,0.0
Data_Structures/RBT.thy,57,0,0,0,0,0,0.0,0.0
Data_Structures/Sorted_Less.thy,63,11,0,0,10,0,0.0,0.0
Data_Structures/Tree2.thy,43,6,0,0,4,0,0.0,0.0
Data_Structures/Tree23.thy,47,1,0,0,1,0,0.0,0.0
Data_Structures/Tree234.thy,47,0,0,0,0,0,0.0,0.0
Datatype_Examples/Compat.thy,219,0,0,0,0,0,0.0,0.0
Datatype_Examples/Cyclic_List.thy,43,6,0,1,9,0,0.0,0.0
Datatype_Examples/Derivation_Trees/DTree.thy,91,12,0,8,7,0,0.0,0.0
Datatype_Examples/Derivation_Trees/Prelim.thy,65,10,0,7,10,0,0.0,0.0
Datatype_Examples/Misc_Codatatype.thy,138,0,0,0,0,0,0.0,0.0
Datatype_Examples/Misc_Datatype.thy,357,0,0,0,30,0,0.0,0.0
Datatype_Examples/Misc_Primcorec.thy,139,0,0,0,0,0,0.0,0.0
Datatype_Examples/Misc_Primrec.thy,142,0,0,0,0,0,0.0,0.0
Datatype_Examples/TreeFsetI.thy,26,1,0,0,1,0,0.0,0.0
Decision_Procs/Decision_Procs.thy,18,0,0,0,0,0,0.0,0.0
Decision_Procs/ex/Approximation_Ex.thy,88,14,0,0,14,0,0.0,0.0
Decision_Procs/ex/Approximation_Quickcheck_Ex.thy,40,5,0,0,1,4,0.0,0.0
Decision_Procs/ex/Commutative_Ring_Ex.thy,135,28,0,0,28,0,0.0,0.0
Decision_Procs/ex/Dense_Linear_Order_Ex.thy,165,47,0,0,47,0,0.0,0.0
Eisbach/Eisbach.thy,151,0,1,0,0,0,1.0,0.0
Eisbach/Eisbach_Old_Appl_Syntax.thy,14,0,0,0,0,0,0.0,0.0
Eisbach/Eisbach_Tools.thy,83,0,0,0,0,0,0.0,0.0
Eisbach/Example_Metric.thy,178,23,0,0,21,0,0.0,0.0
Eisbach/Examples_FOL.thy,101,10,0,15,1,2,0.0,0.0
Examples/Coherent.thy,95,3,0,0,3,0,0.0,0.0
Examples/Commands.thy,78,0,3,0,0,0,1.0,0.0
Examples/Groebner_Examples.thy,117,14,0,6,14,1,0.0,0.0
Examples/Iff_Oracle.thy,79,4,0,2,3,2,0.0,0.0
Examples/Induction_Schema.thy,49,6,0,0,6,0,0.0,0.0
Examples/ML.thy,158,0,0,0,0,0,0.0,0.0
Examples/Seq.thy,36,4,0,0,4,0,0.0,0.0
Fun_Def_Base.thy,23,0,0,0,0,0,0.0,0.0
Groebner_Basis.thy,101,6,0,0,4,0,0.0,0.0
HOLCF/Cprod.thy,47,3,0,0,3,0,0.0,0.0
HOLCF/FOCUS/Buffer_adm.thy,300,20,0,181,5,0,0.0,0.0
HOLCF/FOCUS/FOCUS.thy,30,5,0,0,4,0,0.0,0.0
HOLCF/FOCUS/Fstream.thy,264,31,0,109,12,0,0.0,0.0
HOLCF/FOCUS/Stream_adm.thy,226,17,0,128,1,0,0.0,0.0
HOLCF/HOLCF.thy,18,0,0,0,0,0,0.0,0.0
HOLCF/IMP/HoareEx.thy,34,1,0,8,2,0,0.0,0.0
HOLCF/IOA/ABP/Abschannel.thy,90,0,2,0,0,0,1.0,0.0
HOLCF/IOA/ABP/Abschannel_finite.thy,62,0,2,0,0,0,1.0,0.0
HOLCF/IOA/ABP/Action.thy,17,0,0,0,0,0,0.0,0.0
HOLCF/IOA/ABP/Correctness.thy,330,28,0,114,4,0,0.0,0.0
HOLCF/IOA/ABP/Env.thy,43,0,2,0,0,0,1.0,0.0
HOLCF/IOA/ABP/Impl.thy,36,0,0,0,0,0,0.0,0.0
HOLCF/IOA/ABP/Impl_finite.thy,38,0,0,0,0,0,0.0,0.0
HOLCF/IOA/ABP/Packet.thy,23,0,0,0,0,0,0.0,0.0
HOLCF/IOA/ABP/Receiver.thy,58,0,2,0,0,0,1.0,0.0
HOLCF/IOA/ABP/Sender.thy,56,0,2,0,0,0,1.0,0.0
HOLCF/IOA/ABP/Spec.thy,38,0,2,0,0,0,1.0,0.0
HOLCF/IOA/Asig.thy,77,11,0,0,10,0,0.0,0.0
HOLCF/IOA/Compositionality.thy,78,5,0,32,2,0,0.0,0.0
HOLCF/IOA/Deadlock.thy,99,2,0,54,0,0,0.0,0.0
HOLCF/IOA/IOA.thy,12,0,0,0,0,0,0.0,0.0
HOLCF/IOA/LiveIOA.thy,74,2,0,16,1,0,0.0,0.0
HOLCF/IOA/NTP/Action.thy,17,0,0,0,0,0,0.0,0.0
HOLCF/IOA/NTP/Correctness.thy,103,4,0,39,0,0,0.0,0.0
HOLCF/IOA/NTP/Impl.thy,363,10,0,125,2,0,0.0,0.0
HOLCF/IOA/NTP/Lemmas.thy,33,4,0,0,3,0,0.0,0.0
HOLCF/IOA/NTP/Multiset.thy,96,8,0,25,3,0,0.0,0.0
HOLCF/IOA/NTP/Overview.thy,191,0,1,0,1,0,1.0,0.0
HOLCF/IOA/NTP/Packet.thy,28,1,0,0,1,0,0.0,0.0
HOLCF/IOA/NTP/Spec.thy,41,0,2,0,0,0,1.0,0.0
HOLCF/IOA/Pred.thy,34,0,0,0,0,0,0.0,0.0
HOLCF/IOA/RefMappings.thy,115,7,0,48,1,0,0.0,0.0
HOLCF/IOA/Seq.thy,285,26,0,61,17,0,0.0,0.0
HOLCF/IOA/Simulations.thy,61,4,0,0,4,0,0.0,0.0
HOLCF/IOA/Storage/Action.thy,17,1,0,0,1,0,0.0,0.0
HOLCF/IOA/Storage/Spec.thy,34,0,2,0,0,0,1.0,0.0
HOLCF/Library/Char_Discrete.thy,58,0,6,8,0,0,0.4286,0.0
HOLCF/Library/HOLCF_Library.thy,16,0,0,0,0,0,0.0,0.0
HOLCF/Library/HOL_Cpo.thy,19,0,0,0,0,0,0.0,0.0
HOLCF/Library/Int_Discrete.thy,58,0,6,8,0,0,0.4286,0.0
HOLCF/Library/Nat_Discrete.thy,58,0,6,8,0,0,0.4286,0.0
HOLCF/One.thy,72,12,0,0,12,0,0.0,0.0
HOLCF/README.thy,38,0,1,0,0,0,1.0,0.0
HOLCF/Sfun.thy,58,8,0,8,7,0,0.0,0.0
HOLCF/Ssum.thy,199,37,0,5,38,0,0.0,0.0
HOLCF/Tr.thy,177,24,0,8,21,0,0.0,0.0
HOLCF/Tutorial/Domain_ex.thy,202,9,0,0,8,0,0.0,0.0
HOLCF/ex/Dagstuhl.thy,93,9,0,51,0,0,0.0,0.0
HOLCF/ex/Fix2.thy,33,2,0,10,0,0,0.0,0.0
HOLCF/ex/Focus_ex.thy,255,7,0,92,1,0,0.0,0.0
HOLCF/ex/Hoare.thy,424,29,0,283,3,0,0.0,0.0
HOLCF/ex/Letrec.thy,38,0,0,0,0,0,0.0,0.0
HOLCF/ex/Loop.thy,200,14,0,116,0,0,0.0,0.0
Hahn_Banach/Hahn_Banach_Lemmas.thy,5,0,0,0,0,0,0.0,0.0
Hoare/Arith2.thy,90,10,0,36,0,0,0.0,0.0
Hoare/ExamplesAbort.thy,31,3,0,0,3,0,0.0,0.0
Hoare/HeapSyntax.thy,43,1,0,0,1,0,0.0,0.0
Hoare/HeapSyntaxAbort.thy,51,1,0,0,3,0,0.0,0.0
Hoare/Hoare_Syntax.thy,61,0,5,0,0,0,1.0,0.0
Hoare/Hoare_Tac.thy,36,1,0,0,1,0,0.0,0.0
Hoare/README.thy,94,0,3,0,1,0,1.0,0.0
Hoare/SepLogHeap.thy,96,17,0,4,16,0,0.0,0.0
Hoare/Separation.thy,226,9,0,51,1,0,0.0,0.0
Hoare_Parallel/Graph.thy,409,18,0,299,1,0,0.0,0.0
Hoare_Parallel/Hoare_Parallel.thy,6,0,0,0,0,0,0.0,0.0
Hoare_Parallel/Mul_Gar_Coll.thy,1297,40,0,773,0,0,0.0,0.0
Hoare_Parallel/OG_Com.thy,51,0,0,0,0,0,0.0,0.0
Hoare_Parallel/OG_Hoare.thy,466,37,0,235,0,0,0.0,0.0
Hoare_Parallel/OG_Syntax.thy,129,0,0,0,0,0,0.0,0.0
Hoare_Parallel/OG_Tran.thy,304,17,0,123,0,0,0.0,0.0
Hoare_Parallel/Quote_Antiquote.thy,21,0,0,0,0,0,0.0,0.0
Hoare_Parallel/RG_Com.thy,23,0,0,0,0,0,0.0,0.0
Hoare_Parallel/RG_Examples.thy,355,14,0,191,4,0,0.0,0.0
Hoare_Parallel/RG_Hoare.thy,1378,43,0,1040,2,0,0.0,0.0
Hoare_Parallel/RG_Syntax.thy,83,0,0,0,0,0,0.0,0.0
Hoare_Parallel/RG_Tran.thy,1025,38,0,677,21,0,0.0,0.0
Homology/Homology.thy,6,0,0,0,0,0,0.0,0.0
Hull.thy,85,20,0,4,20,0,0.0,0.0
IMP/ACom.thy,170,21,0,16,16,0,0.0,0.0
IMP/AExp.thy,112,4,0,9,1,0,0.0,0.0
IMP/ASM.thy,58,2,0,6,0,0,0.0,0.0
IMP/Abs_Int1_parity.thy,181,0,57,0,15,0,1.0,0.0
IMP/Abs_Int_Tests.thy,71,0,0,0,0,0,0.0,0.0
IMP/Abs_Int_init.thy,10,0,0,0,0,0,0.0,0.0
IMP/BExp.thy,80,4,0,12,0,0,0.0,0.0
IMP/C_like.thy,97,0,0,0,0,0,0.0,0.0
IMP/Collecting_Examples.thy,63,2,0,0,2,0,0.0,0.0
IMP/Com.thy,13,0,0,0,0,0,0.0,0.0
IMP/Def_Init.thy,27,1,0,0,1,0,0.0,0.0
IMP/Def_Init_Exp.thy,36,2,0,0,2,0,0.0,0.0
IMP/Hoare.thy,64,6,0,0,4,0,0.0,0.0
IMP/OO.thy,115,0,0,0,0,0,0.0,0.0
IMP/Poly_Types.thy,72,3,0,18,0,0,0.0,0.0
IMP/Procs.thy,29,0,0,0,0,0,0.0,0.0
IMP/Procs_Dyn_Vars_Dyn.thy,37,0,0,0,0,0,0.0,0.0
IMP/Procs_Stat_Vars_Dyn.thy,39,0,0,0,0,0,0.0,0.0
IMP/Procs_Stat_Vars_Stat.thy,53,0,0,0,0,0,0.0,0.0
IMP/Sec_Type_Expr.thy,69,2,0,0,2,0,0.0,0.0
IMPP/Com.thy,105,2,0,7,0,0,0.0,0.0
IMPP/EvenOdd.thy,132,9,0,58,0,0,0.0,0.0
IMPP/Hoare.thy,537,39,0,249,0,0,0.0,0.0
IMPP/Natural.thy,155,8,0,26,0,0,0.0,0.0
IOA/Asig.thy,50,3,0,4,0,0,0.0,0.0
Imperative_HOL/Heap.thy,98,2,0,0,4,0,0.0,0.0
Imperative_HOL/Imperative_HOL.thy,12,0,0,0,0,0,0.0,0.0
Imperative_HOL/Imperative_HOL_ex.thy,20,0,0,0,0,0,0.0,0.0
Imperative_HOL/Overview.thy,234,0,4,0,4,0,1.0,0.0
Imperative_HOL/ex/Sorted_List.thy,98,14,0,24,8,0,0.0,0.0
Imperative_HOL/ex/Subarray.thy,72,15,0,8,13,0,0.0,0.0
Import/HOL_Light_Import.thy,16,0,0,0,0,0,0.0,0.0
Import/Import_Setup.thy,29,0,0,0,0,0,0.0,0.0
Induct/ABexp.thy,68,2,0,0,2,0,0.0,0.0
Induct/Com.thy,309,25,0,38,20,0,0.0,0.0
Induct/Infinitely_Branching_Tree.thy,109,10,0,4,11,0,0.0,0.0
Induct/Ordinals.thy,63,0,0,0,0,0,0.0,0.0
Induct/SList.thy,434,52,0,66,26,0,0.0,0.0
Induct/Sexp.thy,155,20,0,19,10,0,0.0,0.0
Induct/Term.thy,52,2,0,6,1,0,0.0,0.0
Isar_Examples/Group_Notepad.thy,92,0,62,0,22,0,1.0,0.0
Isar_Examples/Structured_Statements.thy,163,0,98,0,4,0,1.0,0.0
Library/BNF_Axiomatization.thy,19,0,0,0,0,0,0.0,0.0
Library/Cancellation.thy,85,13,0,1,13,0,0.0,0.0
Library/Case_Converter.thy,24,2,0,0,1,0,0.0,0.0
Library/Char_ord.thy,52,2,0,0,4,0,0.0,0.0
Library/Code_Binary_Nat.thy,137,15,0,0,15,0,0.0,0.0
Library/Code_Bit_Shifts_for_Arithmetic.thy,63,10,0,0,10,0,0.0,0.0
Library/Code_Prolog.thy,21,0,0,0,0,0,0.0,0.0
Library/Code_Target_Numeral.thy,12,0,0,0,0,0,0.0,0.0
Library/Code_Target_Numeral_Float.thy,17,1,0,0,1,0,0.0,0.0
Library/Code_Test.thy,150,5,0,0,5,0,0.0,0.0
Library/Complex_Order.thy,40,2,0,3,6,0,0.0,0.0
Library/Conditional_Parametricity.thy,49,7,0,0,3,0,0.0,0.0
Library/Datatype_Records.thy,68,0,0,0,0,0,0.0,0.0
Library/Debug.thy,45,2,0,0,2,0,0.0,0.0
Library/Disjoint_FSets.thy,72,13,0,4,12,0,0.0,0.0
Library/Function_Division.thy,66,5,0,0,5,0,0.0,0.0
Library/LaTeXsugar.thy,165,0,1,0,0,0,1.0,0.0
Library/Library.thy,104,0,0,0,0,0,0.0,0.0
Library/Monad_Syntax.thy,76,0,0,0,0,0,0.0,0.0
Library/Old_Datatype.thy,514,88,0,58,62,0,0.0,0.0
Library/Old_Recdef.thy,88,15,0,9,8,0,0.0,0.0
Library/OptionalSugar.thy,67,0,0,0,0,0,0.0,0.0
Library/Parallel.thy,60,3,0,0,3,0,0.0,0.0
Library/Phantom_Type.thy,39,3,0,0,3,0,0.0,0.0
Library/Predicate_Compile_Quickcheck.thy,14,0,0,0,0,0,0.0,0.0
Library/Prefix_Order.thy,45,18,0,0,2,0,0.0,0.0
Library/Preorder.thy,91,13,0,0,13,0,0.0,0.0
Library/Quotient_Option.thy,77,11,0,7,9,0,0.0,0.0
Library/Quotient_Product.thy,109,15,0,8,13,0,0.0,0.0
Library/Quotient_Sum.thy,87,13,0,10,10,0,0.0,0.0
Library/Quotient_Syntax.thy,17,0,0,0,0,0,0.0,0.0
Library/README.thy,44,0,4,0,2,0,1.0,0.0
Library/Realizers.thy,15,0,0,0,0,0,0.0,0.0
Library/Reflection.thy,37,0,0,0,0,0,0.0,0.0
Library/Refute.thy,115,0,0,0,0,0,0.0,0.0
Library/Rewrite.thy,31,2,0,4,0,0,0.0,0.0
Library/Simps_Case_Conv.thy,14,0,0,0,0,0,0.0,0.0
Library/Sum_of_Squares.thy,19,0,0,0,0,0,0.0,0.0
Library/Time_Commands.thy,66,0,2,0,2,0,1.0,0.0
Library/Time_Functions.thy,106,17,0,0,14,0,0.0,0.0
Library/Tree_Multiset.thy,50,9,0,0,9,0,0.0,0.0
Library/Type_Length.thy,131,7,0,0,12,0,0.0,0.0
Main.thy,90,0,0,0,0,0,0.0,0.0
Matrix_LP/ComputeHOL.thy,188,57,0,15,42,0,0.0,0.0
Matrix_LP/ComputeNumeral.thy,81,19,0,0,4,0,0.0,0.0
Matrix_LP/Compute_Oracle/Compute_Oracle.thy,20,0,0,0,0,0,0.0,0.0
Matrix_LP/Cplex.thy,71,2,0,6,1,0,0.0,0.0
Meson.thy,208,28,0,25,20,0,0.0,0.0
Metis.thy,58,5,0,0,5,0,0.0,0.0
Metis_Examples/Clausification.thy,147,24,0,0,24,0,0.0,0.0
Metis_Examples/Proxies.thy,268,24,0,0,24,0,0.0,0.0
Metis_Examples/Sledgehammer_Isar_Proofs.thy,17,0,0,0,0,0,0.0,0.0
MicroJava/BV/BVSpec.thy,125,5,0,20,3,0,0.0,0.0
MicroJava/Comp/AuxLemmas.thy,118,17,0,21,13,0,0.0,0.0
MicroJava/Comp/DefsComp.thy,92,6,0,0,3,0,0.0,0.0
MicroJava/Comp/Index.thy,136,9,0,55,2,0,0.0,0.0
MicroJava/Comp/TranslComp.thy,126,0,1,0,0,0,1.0,0.0
MicroJava/Comp/TypeInf.thy,186,20,0,24,19,0,0.0,0.0
MicroJava/DFA/Abstract_BV.thy,15,0,0,0,0,0,0.0,0.0
MicroJava/DFA/Semilattices.thy,15,0,0,0,0,0,0.0,0.0
MicroJava/DFA/Typing_Framework.thy,35,0,0,0,0,0,0.0,0.0
MicroJava/J/Conform.thy,330,46,0,143,7,0,0.0,0.0
MicroJava/J/Decl.thy,57,1,0,4,0,0,0.0,0.0
MicroJava/J/Example.thy,446,42,0,186,1,0,0.0,0.0
MicroJava/J/JBasis.thy,55,9,0,0,8,0,0.0,0.0
MicroJava/J/JListExample.thy,200,6,0,0,5,0,0.0,0.0
MicroJava/J/JTypeSafe.thy,416,11,0,247,0,0,0.0,0.0
MicroJava/J/State.thy,199,17,0,59,5,0,0.0,0.0
MicroJava/J/SystemClasses.thy,31,0,0,0,0,0,0.0,0.0
MicroJava/J/Term.thy,35,0,0,0,0,0,0.0,0.0
MicroJava/J/Type.thy,158,0,0,0,3,0,0.0,0.0
MicroJava/J/Value.thy,42,0,0,0,0,0,0.0,0.0
MicroJava/J/WellType.thy,235,10,0,31,1,0,0.0,0.0
MicroJava/JVM/JVMExec.thy,43,0,1,0,0,0,1.0,0.0
MicroJava/JVM/JVMExecInstr.thy,126,0,1,0,0,0,1.0,0.0
MicroJava/JVM/JVMInstructions.thy,45,0,0,0,0,0,0.0,0.0
MicroJava/JVM/JVMListExample.thy,197,4,0,0,5,0,0.0,0.0
MicroJava/MicroJava.thy,16,0,0,0,0,0,0.0,0.0
Mirabelle.thy,31,0,0,0,0,0,0.0,0.0
Mutabelle/MutabelleExtra.thy,144,0,0,0,0,0,0.0,0.0
NanoJava/AxSem.thy,203,11,0,51,3,0,0.0,0.0
NanoJava/Decl.thy,66,1,0,4,0,0,0.0,0.0
NanoJava/Example.thy,214,11,0,76,9,0,0.0,0.0
NanoJava/Term.thy,45,0,0,0,0,0,0.0,0.0
Nitpick_Examples/Core_Nits.thy,933,209,0,4,102,113,0.0,0.0
Nitpick_Examples/Datatype_Nits.thy,102,14,0,0,0,14,0.0,0.0
Nitpick_Examples/Hotel_Nits.thy,60,1,0,0,0,1,0.0,0.0
Nitpick_Examples/Induct_Nits.thy,157,21,0,0,0,21,0.0,0.0
Nitpick_Examples/Integer_Nits.thy,240,44,0,0,0,44,0.0,0.0
Nitpick_Examples/Mini_Nits.thy,111,0,0,0,0,0,0.0,0.0
Nitpick_Examples/Mono_Nits.thy,205,0,3,0,0,0,1.0,0.0
Nitpick_Examples/Nitpick_Examples.thy,14,0,0,0,0,0,0.0,0.0
Nitpick_Examples/Pattern_Nits.thy,140,21,0,0,0,21,0.0,0.0
Nitpick_Examples/Record_Nits.thy,88,15,0,0,0,15,0.0,0.0
Nitpick_Examples/Refute_Nits.thy,1304,250,0,93,2,209,0.0,0.0
Nitpick_Examples/Special_Nits.thy,172,21,0,0,2,21,0.0,0.0
Nitpick_Examples/Tests_Nits.thy,17,0,0,0,0,0,0.0,0.0
Nitpick_Examples/Typedef_Nits.thy,197,36,0,6,24,16,0.0,0.0
Nominal/Examples/Lambda_mu.thy,18,0,0,0,0,0,0.0,0.0
Nonstandard_Analysis/CLim.thy,167,30,0,11,28,0,0.0,0.0
Nonstandard_Analysis/CStar.thy,57,8,0,0,8,0,0.0,0.0
Nonstandard_Analysis/HLog.thy,128,32,0,3,31,0,0.0,0.0
Nonstandard_Analysis/Hypercomplex.thy,6,0,0,0,0,0,0.0,0.0
Nonstandard_Analysis/Hyperreal.thy,14,0,0,0,0,0,0.0,0.0
Nonstandard_Analysis/Nonstandard_Analysis.thy,14,0,0,0,0,0,0.0,0.0
Number_Theory/Number_Theory.thy,18,0,0,0,0,0,0.0,0.0
Numeral_Simprocs.thy,300,21,0,0,18,0,0.0,0.0
Nunchaku.thy,46,0,0,0,0,0,0.0,0.0
Predicate_Compile.thy,109,9,0,0,9,0,0.0,0.0
Predicate_Compile_Examples/Code_Prolog_Examples.thy,231,0,0,0,0,0,0.0,0.0
Predicate_Compile_Examples/Context_Free_Grammar_Example.thy,175,10,0,0,5,5,0.0,0.0
Predicate_Compile_Examples/Examples.thy,350,1,0,0,1,0,0.0,0.0
Predicate_Compile_Examples/Hotel_Example_Small_Generator.thy,67,3,0,0,2,1,0.0,0.0
Predicate_Compile_Examples/IMP_1.thy,34,1,0,0,0,1,0.0,0.0
Predicate_Compile_Examples/IMP_2.thy,37,1,0,0,0,1,0.0,0.0
Predicate_Compile_Examples/IMP_3.thy,37,1,0,0,0,1,0.0,0.0
Predicate_Compile_Examples/IMP_4.thy,37,1,0,0,0,1,0.0,0.0
Predicate_Compile_Examples/List_Examples.thy,31,1,0,0,0,1,0.0,0.0
Probability/Probability.thy,23,0,0,0,0,0,0.0,0.0
Prolog/Func.thy,71,1,0,4,0,0,0.0,0.0
Prolog/HOHH.thy,40,0,0,0,0,0,0.0,0.0
Prolog/Test.thy,276,13,0,86,1,2,0.0,0.0
Prolog/Type.thy,88,1,0,18,0,1,0.0,0.0
Proofs/Extraction/Higman_Extraction.thy,114,0,9,0,2,0,1.0,0.0
Proofs/Lambda/InductTermi.thy,109,5,0,57,2,0,0.0,0.0
Proofs/Lambda/ListApplication.thy,145,17,0,64,10,0,0.0,0.0
Proofs/Lambda/ListOrder.thy,127,12,0,61,0,0,0.0,0.0
Proofs/Lambda/ParRed.thy,114,10,0,26,5,0,0.0,0.0
Proofs/ex/XML_Data.thy,59,1,0,0,0,0,0.0,0.0
Quickcheck_Examples/Quickcheck_Examples.thy,602,79,0,0,5,76,0.0,0.0
Quickcheck_Examples/Quickcheck_Interfaces.thy,53,0,0,0,0,0,0.0,0.0
Quickcheck_Examples/Quickcheck_Lattice_Examples.thy,131,21,0,0,11,10,0.0,0.0
Quickcheck_Examples/Quickcheck_Nesting.thy,20,0,0,0,0,0,0.0,0.0
Quickcheck_Examples/Quickcheck_Nesting_Example.thy,12,1,0,0,0,1,0.0,0.0
Quickcheck_Exhaustive.thy,779,0,11,0,12,0,1.0,0.0
Quotient_Examples/Lift_DList.thy,56,0,3,0,7,0,1.0,0.0
Quotient_Examples/Lift_Set.thy,34,0,0,0,1,0,0.0,0.0
Quotient_Examples/Lifting_Code_Dt_Test.thy,102,0,0,0,20,0,0.0,0.0
Random_Sequence.thy,158,0,4,0,0,0,1.0,0.0
Real_Asymp/Eventuallize.thy,57,0,3,0,0,0,1.0,0.0
Real_Asymp/Inst_Existentials.thy,21,0,1,0,0,0,1.0,0.0
Real_Asymp/Lazy_Eval.thy,39,2,0,0,2,0,0.0,0.0
Real_Asymp/Real_Asymp.thy,49,0,0,0,0,0,0.0,0.0
SAT.thy,26,0,0,0,0,0,0.0,0.0
SET_Protocol/Merchant_Registration.thy,430,29,0,74,13,0,0.0,0.0
SET_Protocol/Public_SET.thy,523,51,0,28,42,0,0.0,0.0
SET_Protocol/SET_Protocol.thy,13,0,0,0,0,0,0.0,0.0
SMT_Examples/Boogie.thy,77,0,2,0,0,0,1.0,0.0
SMT_Examples/SMT_Tests.thy,888,79,0,4,76,2,0.0,0.0
SMT_Examples/SMT_Word_Examples.thy,76,28,0,0,28,0,0.0,0.0
SPARK/Examples/Gcd/Greatest_Common_Divisor.thy,37,0,15,0,5,0,1.0,0.0
SPARK/Examples/RIPEMD-160/F.thy,68,0,42,0,18,0,1.0,0.0
SPARK/Examples/RIPEMD-160/K_L.thy,47,0,36,0,13,0,1.0,0.0
SPARK/Examples/RIPEMD-160/K_R.thy,47,0,35,0,13,0,1.0,0.0
SPARK/Examples/RIPEMD-160/RMD.thy,182,0,1,0,0,0,1.0,0.0
SPARK/Examples/RIPEMD-160/RMD_Lemmas.thy,28,3,0,0,3,0,0.0,0.0
SPARK/Examples/RIPEMD-160/RMD_Specification.thy,47,0,0,0,0,0,0.0,0.0
SPARK/Examples/RIPEMD-160/R_L.thy,31,0,11,0,5,0,1.0,0.0
SPARK/Examples/RIPEMD-160/R_R.thy,31,0,11,0,5,0,1.0,0.0
SPARK/Examples/RIPEMD-160/S_L.thy,31,0,11,0,5,0,1.0,0.0
SPARK/Examples/RIPEMD-160/S_R.thy,31,0,11,0,5,0,1.0,0.0
SPARK/Examples/Sqrt/Sqrt.thy,29,0,14,0,5,0,1.0,0.0
SPARK/Manual/Complex_Types.thy,115,0,24,22,9,0,0.5217,0.0
SPARK/Manual/Proc1.thy,19,1,0,0,3,0,0.0,0.0
SPARK/Manual/Proc2.thy,13,0,0,0,1,0,0.0,0.0
SPARK/Manual/Simple_Greatest_Common_Divisor.thy,26,0,0,0,2,0,0.0,0.0
SPARK/Manual/VC_Principles.thy,153,0,17,0,6,0,1.0,0.0
SPARK/SPARK.thy,59,4,0,0,1,0,0.0,0.0
Sledgehammer.thy,49,0,1,0,1,0,1.0,0.0
Statespace/StateFun.thy,110,18,0,6,15,1,0.0,0.0
Statespace/StateSpaceSyntax.thy,38,0,0,0,0,0,0.0,0.0
TLA/Action.thy,300,29,0,51,14,0,0.0,0.0
TLA/Buffer/Buffer.thy,72,4,0,9,1,0,0.0,0.0
TLA/Buffer/DBuffer.thy,160,12,0,36,2,0,0.0,0.0
TLA/Inc/Inc.thy,312,30,0,79,13,0,0.0,0.0
TLA/Init.thy,84,10,0,0,6,0,0.0,0.0
TLA/Memory/MemClerk.thy,114,9,0,3,6,0,0.0,0.0
TLA/Memory/MemClerkParameters.thy,29,0,0,0,0,0,0.0,0.0
TLA/Memory/Memory.thy,248,18,0,19,9,0,0.0,0.0
TLA/Memory/MemoryParameters.thy,47,2,0,0,1,0,0.0,0.0
TLA/Memory/ProcedureInterface.thy,106,3,0,0,2,0,0.0,0.0
TLA/Memory/RPC.thy,115,8,0,0,6,0,0.0,0.0
TLA/Memory/RPCMemoryParams.thy,22,0,0,0,0,0,0.0,0.0
TLA/README.thy,49,0,5,0,3,0,1.0,0.0
TLA/Stfun.thy,113,7,0,34,0,0,0.0,0.0
TLA/TLA.thy,1165,134,0,468,23,0,0.0,0.0
TPTP/ATP_Problem_Import.thy,27,0,0,0,0,0,0.0,0.0
TPTP/ATP_Theory_Export.thy,72,0,0,0,0,0,0.0,0.0
TPTP/MaSh_Eval.thy,51,0,0,0,0,0,0.0,0.0
TPTP/MaSh_Export.thy,128,0,0,0,0,0,0.0,0.0
TPTP/MaSh_Export_Base.thy,42,0,0,0,0,0,0.0,0.0
TPTP/THF_Arith.thy,91,4,0,0,4,0,0.0,0.0
TPTP/TPTP_Interpret.thy,18,0,0,0,0,0,0.0,0.0
TPTP/TPTP_Interpret_Test.thy,162,0,0,0,0,0,0.0,0.0
TPTP/TPTP_Parser.thy,48,0,0,0,0,0,0.0,0.0
TPTP/TPTP_Parser_Example.thy,72,0,0,0,0,0,0.0,0.0
TPTP/TPTP_Parser_Test.thy,128,0,0,0,0,0,0.0,0.0
TPTP/TPTP_Proof_Reconstruction_Test_Units.thy,2293,111,0,62,86,5,0.0,0.0
TPTP/TPTP_Test.thy,105,0,1,0,0,0,1.0,0.0
Try0.thy,22,0,0,0,0,0,0.0,0.0
Try0_HOL.thy,71,0,0,0,0,0,0.0,0.0
Typerep.thy,99,2,0,0,2,0,0.0,0.0
Types_To_Sets/Examples/Unoverload_Def.thy,23,0,0,0,0,0,0.0,0.0
Types_To_Sets/Types_To_Sets.thy,38,0,0,0,0,0,0.0,0.0
UNITY/Comp/AllocBase.thy,89,10,0,13,7,0,0.0,0.0
UNITY/Comp/AllocImpl.thy,413,12,0,65,1,0,0.0,0.0
UNITY/Comp/Client.thy,223,15,0,54,6,0,0.0,0.0
UNITY/Comp/Counter.thy,107,15,0,6,13,0,0.0,0.0
UNITY/Comp/Counterc.thy,120,12,0,13,8,0,0.0,0.0
UNITY/Comp/Handshake.thy,83,4,0,19,0,0,0.0,0.0
UNITY/Comp/PriorityAux.thy,140,11,0,30,3,0,0.0,0.0
UNITY/Comp/Progress.thy,100,13,0,33,5,0,0.0,0.0
UNITY/Comp/README_Comp.thy,25,0,0,0,1,0,0.0,0.0
UNITY/Comp/TimerArray.thy,67,3,0,21,0,0,0.0,0.0
UNITY/Comp.thy,244,42,0,52,27,0,0.0,0.0
UNITY/Constrains.thy,424,69,0,100,32,0,0.0,0.0
UNITY/Detects.thy,82,7,0,30,1,0,0.0,0.0
UNITY/ELT.thy,658,70,0,188,27,0,0.0,0.0
UNITY/Guar.thy,487,61,0,123,37,1,0.0,0.0
UNITY/Lift_prog.thy,419,68,0,88,41,0,0.0,0.0
UNITY/PPROD.thy,285,31,0,69,14,0,0.0,0.0
UNITY/Project.thy,685,75,0,216,18,0,0.0,0.0
UNITY/README.thy,38,0,2,0,2,0,1.0,0.0
UNITY/Rename.thy,392,57,0,177,16,0,0.0,0.0
UNITY/Simple/Channel.thy,71,6,0,22,2,0,0.0,0.0
UNITY/Simple/Deadlock.thy,70,8,0,8,7,0,0.0,0.0
UNITY/Simple/Lift.thy,504,32,0,96,4,0,0.0,0.0
UNITY/Simple/Mutex.thy,226,23,0,49,11,1,0.0,0.0
UNITY/Simple/NSP_Bad.thy,332,17,0,62,2,1,0.0,0.0
UNITY/Simple/Network.thy,73,5,0,10,0,0,0.0,0.0
UNITY/Simple/README_Simple.thy,23,0,0,0,0,0,0.0,0.0
UNITY/Simple/Reach.thy,161,15,0,47,5,0,0.0,0.0
UNITY/Simple/Reachability.thy,371,36,0,120,7,0,0.0,0.0
UNITY/Simple/Token.thy,136,10,0,38,2,0,0.0,0.0
UNITY/SubstAx.thy,415,55,0,105,24,0,0.0,0.0
UNITY/UNITY.thy,472,83,0,38,71,0,0.0,0.0
UNITY/UNITY_Main.thy,30,0,0,0,0,0,0.0,0.0
ZF/MainZF.thy,14,0,0,0,0,0,0.0,0.0
ex/Antiquote.thy,43,0,0,0,0,0,0.0,0.0
ex/Arith_Examples.thy,240,54,0,0,56,2,0.0,0.0
ex/BinEx.thy,776,220,0,23,196,24,0.0,0.0
ex/Bit_Operation_Computations.thy,146,10,0,0,9,0,0.0,0.0
ex/Case_Product.thy,27,2,0,0,0,0,0.0,0.0
ex/Chinese.thy,49,1,0,0,1,0,0.0,0.0
ex/Code_Binary_Nat_examples.thy,58,8,0,0,8,0,0.0,0.0
ex/Code_Timing.thy,54,0,0,0,0,0,0.0,0.0
ex/Coercion_Examples.thy,205,0,0,0,0,0,0.0,0.0
ex/Computations.thy,77,0,0,0,0,0,0.0,0.0
ex/Conditional_Parametricity_Examples.thy,65,0,0,0,0,0,0.0,0.0
ex/Datatype_Record_Examples.thy,67,8,0,4,5,0,0.0,0.0
ex/Eval_Examples.thy,56,10,0,0,10,0,0.0,0.0
ex/Executable_Relation.thy,71,7,0,3,7,1,0.0,0.0
ex/Hebrew.thy,79,1,0,0,1,0,0.0,0.0
ex/Hex_Bin_Examples.thy,47,9,0,0,7,2,0.0,0.0
ex/IArray_Examples.thy,42,7,0,0,7,0,0.0,0.0
ex/Interpretation_in_nested_targets.thy,37,2,0,0,3,0,0.0,0.0
ex/Intuitionistic.thy,329,62,0,0,60,2,0.0,0.0
ex/Join_Theory.thy,48,1,0,0,1,0,0.0,0.0
ex/Lagrange.thy,50,2,0,0,2,0,0.0,0.0
ex/List_to_Set_Comprehension_Examples.thy,85,21,0,0,21,0,0.0,0.0
ex/MergeSort.thy,57,6,0,0,6,0,0.0,0.0
ex/Meson_Test.thy,2901,118,0,18,93,10,0.0,0.0
ex/MonoidGroup.thy,32,0,0,0,0,0,0.0,0.0
ex/Multiquote.thy,51,0,0,0,0,0,0.0,0.0
ex/PresburgerEx.thy,109,27,0,2,25,2,0.0,0.0
ex/Pythagoras.thy,33,2,0,0,2,0,0.0,0.0
ex/SAT_Examples.thy,546,14,0,0,14,0,0.0,0.0
ex/SOS.thy,143,37,0,0,36,1,0.0,0.0
ex/SOS_Cert.thy,143,37,0,0,36,1,0.0,0.0
ex/Set_Comprehension_Pointfree_Examples.thy,139,23,0,1,23,1,0.0,0.0
ex/Simps_Case_Conv_Examples.thy,115,12,0,0,12,0,0.0,0.0
ex/Sketch_and_Explore.thy,193,0,7,0,0,0,1.0,0.0
ex/Sorting_Algorithms_Examples.thy,65,0,0,0,0,0,0.0,0.0
ex/Sqrt_Script.thy,71,7,0,21,3,0,0.0,0.0
ex/Sudoku.thy,314,8,0,0,1,8,0.0,0.0
ex/Termination.thy,250,0,0,4,14,0,0.0,0.0
ex/Transfer_Int_Nat.thy,213,37,0,36,26,0,0.0,0.0
ex/Transitive_Closure_Table_Ex.thy,31,0,0,0,0,0,0.0,0.0
ex/Word_Computations.thy,92,3,0,0,3,0,0.0,0.0
